date,season,year,month,hour,week,workingday,condition,temp,htemp,atemp,hum,wind,cnt
2018-01-01,1,0,1,1,0,1,,-3.3,-14.7,-3.3,41,0.7,207
2018-01-01,1,0,1,2,0,1,1.0,-3.7,-14.7,-3.7,42,0.9,230
2018-01-01,1,0,1,3,0,1,1.0,-4.0,-14.4,-4.0,44,1.0,178
2018-01-01,1,0,1,4,0,1,1.0,-4.2,-12.3,-4.2,53,1.1,119
2018-01-01,1,0,1,5,0,1,1.0,-4.4,-12.3,-4.4,54,0.8,62
2018-01-01,1,0,1,6,0,1,1.0,-4.5,-13.1,-4.5,51,1.1,61
2018-01-01,1,0,1,7,0,1,1.0,-4.7,-12.1,-4.7,56,1.1,65
2018-01-01,1,0,1,8,0,1,1.0,-5.0,-12.6,-5.0,55,1.0,81
2018-01-01,1,0,1,9,0,1,1.0,-4.3,-16.2,-4.3,39,0.7,89
2018-01-01,1,0,1,10,0,1,1.0,-1.6,-16.1,-1.6,32,0.8,121
2018-01-01,1,0,1,11,0,1,1.0,0.1,-16.7,-2.6,27,2.2,139
2018-01-01,1,0,1,12,0,1,1.0,1.5,-19.0,-1.5,20,2.8,169
2018-01-01,1,0,1,13,0,1,1.0,2.4,-17.2,0.0,22,2.3,225
2018-01-01,1,0,1,14,0,1,,3.7,-15.0,1.7,24,2.1,248
2018-01-01,1,0,1,15,0,1,,3.0,-14.2,0.2,27,2.9,298
2018-01-01,1,0,1,16,0,1,,3.0,-13.7,0.5,28,2.5,344
2018-01-01,1,0,1,17,0,1,1.0,1.8,-12.8,-1.6,33,3.3,310
2018-01-01,1,0,1,18,0,1,1.0,0.8,-13.3,-1.4,34,1.9,271
2018-01-01,1,0,1,19,0,1,,-0.1,-12.4,-0.1,39,1.3,218
2018-01-01,1,0,1,20,0,1,,-0.3,-12.2,-0.3,40,1.2,125
2018-01-01,1,0,1,21,0,1,1.0,-0.9,-11.6,-0.9,44,1.2,206
2018-01-01,1,0,1,22,0,1,,-1.3,-10.9,-1.3,48,0.8,203
2018-01-01,1,0,1,23,0,1,,-1.6,-10.4,-1.6,51,0.7,168
2018-01-01,1,0,1,24,0,1,1.0,-1.8,-9.8,-1.8,54,1.1,154
2018-01-02,1,0,1,1,1,1,,-2.1,-9.7,-2.1,56,0.8,148
2018-01-02,1,0,1,2,1,1,,-2.3,-8.6,-2.3,62,0.9,108
2018-01-02,1,0,1,3,1,1,1.0,-2.5,-8.7,-2.5,62,0.4,69
2018-01-02,1,0,1,4,1,1,1.0,-2.7,-7.9,-2.7,67,0.5,41
2018-01-02,1,0,1,5,1,1,1.0,-3.1,-8.3,-3.1,67,0.6,31
2018-01-02,1,0,1,6,1,1,1.0,-3.2,-8.4,-3.2,67,0.4,58
2018-01-02,1,0,1,7,1,1,1.0,-3.2,-8.0,-3.2,69,0.5,139
2018-01-02,1,0,1,8,1,1,1.0,-3.4,-7.9,-3.4,71,0.8,344
2018-01-02,1,0,1,9,1,1,1.0,-3.1,-8.5,-3.1,66,0.2,655
2018-01-02,1,0,1,10,1,1,1.0,-1.4,-10.5,-4.0,50,1.9,315
2018-01-02,1,0,1,11,1,1,1.0,-0.4,-12.3,-3.3,40,2.3,208
2018-01-02,1,0,1,12,1,1,1.0,0.9,-15.1,-1.3,29,1.9,269
2018-01-02,1,0,1,13,1,1,1.0,1.5,-17.4,-2.2,23,3.6,293
2018-01-02,1,0,1,14,1,1,1.0,1.7,-18.9,-2.5,20,4.4,273
2018-01-02,1,0,1,15,1,1,,1.5,-17.9,-1.7,22,3.0,302
2018-01-02,1,0,1,16,1,1,1.0,1.3,-17.6,-1.9,23,2.9,295
2018-01-02,1,0,1,17,1,1,1.0,0.3,-16.5,-2.8,27,2.6,320
2018-01-02,1,0,1,18,1,1,,-0.8,-18.9,-3.8,24,2.3,373
2018-01-02,1,0,1,19,1,1,,-1.3,-17.5,-4.5,28,2.4,675
2018-01-02,1,0,1,20,1,1,,-1.9,-18.9,-4.9,26,2.2,403
2018-01-02,1,0,1,21,1,1,,-2.6,-18.6,-5.5,28,2.0,364
2018-01-02,1,0,1,22,1,1,,-3.4,-17.4,-7.0,33,2.4,304
2018-01-02,1,0,1,23,1,1,,-3.8,-17.0,-7.3,35,2.3,273
2018-01-02,1,0,1,24,1,1,,-4.3,-16.5,-6.5,38,1.4,186
2018-01-03,1,0,1,1,2,1,,-5.0,-15.9,-5.0,42,1.2,160
2018-01-03,1,0,1,2,2,1,,-5.5,-16.1,-8.9,43,2.0,130
2018-01-03,1,0,1,3,2,1,,-6.1,-16.1,-6.1,45,1.3,110
2018-01-03,1,0,1,4,2,1,,-6.1,-16.1,-10.0,45,2.3,67
2018-01-03,1,0,1,5,2,1,,-6.4,-15.8,-10.5,47,2.4,43
2018-01-03,1,0,1,6,2,1,,-6.7,-15.9,-10.8,48,2.4,67
2018-01-03,1,0,1,7,2,1,,-6.9,-16.0,-11.1,48,2.4,137
2018-01-03,1,0,1,8,2,1,,-7.0,-15.9,-9.8,49,1.5,308
2018-01-03,1,0,1,9,2,1,1.0,-6.8,-17.0,-9.9,44,1.7,670
2018-01-03,1,0,1,10,2,1,,-5.6,-17.6,-10.1,38,2.9,342
2018-01-03,1,0,1,11,2,1,,-4.5,-17.3,-9.1,36,3.2,213
2018-01-03,1,0,1,12,2,1,,-3.4,-17.7,-7.7,32,3.1,267
2018-01-03,1,0,1,13,2,1,,-2.2,-17.0,-5.4,31,2.3,297
2018-01-03,1,0,1,14,2,1,1.0,-1.5,-16.8,-5.1,30,2.8,279
2018-01-03,1,0,1,15,2,1,,-1.1,-16.9,-4.7,29,2.8,270
2018-01-03,1,0,1,16,2,1,1.0,-0.4,-15.9,-2.9,30,2.0,286
2018-01-03,1,0,1,17,2,1,1.0,-1.9,-15.3,-4.4,35,1.8,299
2018-01-03,1,0,1,18,2,1,1.0,-3.1,-15.1,-6.2,39,2.1,382
2018-01-03,1,0,1,19,2,1,,-3.7,-15.0,-6.8,41,2.0,637
2018-01-03,1,0,1,20,2,1,,-3.9,-14.3,-7.7,44,2.5,431
2018-01-03,1,0,1,21,2,1,,-4.3,-13.9,-8.5,47,2.8,294
2018-01-03,1,0,1,22,2,1,,-5.2,-13.3,-5.2,53,1.3,335
2018-01-03,1,0,1,23,2,1,,-5.9,-13.7,-5.9,54,0.8,291
2018-01-03,1,0,1,24,2,1,1.0,-6.3,-14.1,-8.8,54,1.4,197
2018-01-04,1,0,1,1,3,1,,-6.9,-14.2,-11.0,56,2.3,159
2018-01-04,1,0,1,2,3,1,,-7.3,-14.3,-11.0,57,2.0,150
2018-01-04,1,0,1,3,3,1,,-7.4,-15.1,-10.6,54,1.7,123
2018-01-04,1,0,1,4,3,1,,-7.5,-15.0,-7.5,55,1.3,57
2018-01-04,1,0,1,5,3,1,1.0,-7.6,-16.4,-7.6,49,1.3,38
2018-01-04,1,0,1,6,3,1,1.0,-7.6,-16.9,-11.8,47,2.3,66
2018-01-04,1,0,1,7,3,1,1.0,-8.1,-16.4,-8.1,51,0.5,120
2018-01-04,1,0,1,8,3,1,,-8.6,-16.0,-8.6,55,0.6,302
2018-01-04,1,0,1,9,3,1,,-7.9,-17.0,-7.9,48,1.2,646
2018-01-04,1,0,1,10,3,1,,-6.4,-16.9,-6.4,43,1.0,340
2018-01-04,1,0,1,11,3,1,,-4.4,-16.0,-4.4,40,0.8,197
2018-01-04,1,0,1,12,3,1,,-2.9,-16.9,-2.9,33,0.9,264
2018-01-04,1,0,1,13,3,1,,-2.0,-16.5,-2.0,32,1.0,290
2018-01-04,1,0,1,14,3,1,,-0.8,-15.4,-2.5,32,1.4,284
2018-01-04,1,0,1,15,3,1,,-1.2,-16.2,-1.2,31,0.8,262
2018-01-04,1,0,1,16,3,1,,-1.4,-15.2,-3.8,34,1.8,281
2018-01-04,1,0,1,17,3,1,,-2.1,-14.8,-4.0,37,1.4,309
2018-01-04,1,0,1,18,3,1,,-2.6,-14.9,-4.6,38,1.4,397
2018-01-04,1,0,1,19,3,1,,-2.7,-14.7,-4.7,39,1.4,603
2018-01-04,1,0,1,20,3,1,,-2.8,-14.8,-5.3,39,1.7,417
2018-01-04,1,0,1,21,3,1,,-3.1,-14.5,-6.1,41,2.0,311
2018-01-04,1,0,1,22,3,1,,-3.6,-13.5,-3.6,46,1.3,310
2018-01-04,1,0,1,23,3,1,,-4.0,-13.4,-6.3,48,1.5,306
2018-01-04,1,0,1,24,3,1,,-4.7,-13.0,-7.6,52,1.8,221
2018-01-05,1,0,1,1,4,1,,-5.1,-13.6,-7.6,51,1.5,202
2018-01-05,1,0,1,2,4,1,,-5.3,-13.6,-8.0,52,1.6,170
2018-01-05,1,0,1,3,4,1,,-5.5,-12.9,-5.5,56,1.1,118
2018-01-05,1,0,1,4,4,1,,-5.1,-12.7,-7.9,55,1.7,67
2018-01-05,1,0,1,5,4,1,,-5.1,-12.7,-7.6,55,1.5,47
2018-01-05,1,0,1,6,4,1,,-5.1,-12.9,-5.1,54,1.3,75
2018-01-05,1,0,1,7,4,1,,-5.3,-13.4,-5.3,53,1.1,123
2018-01-05,1,0,1,8,4,1,,-5.3,-13.8,-5.3,51,1.0,327
2018-01-05,1,0,1,9,4,1,,-4.7,-13.8,-4.7,49,1.2,665
2018-01-05,1,0,1,10,4,1,,-3.3,-12.2,-3.3,50,1.3,354
2018-01-05,1,0,1,11,4,1,,-0.7,-11.1,-2.6,45,1.5,232
2018-01-05,1,0,1,12,4,1,,-0.3,-10.8,-3.1,45,2.2,308
2018-01-05,1,0,1,13,4,1,,0.9,-10.2,-1.4,43,2.0,362
2018-01-05,1,0,1,14,4,1,,1.4,-10.4,-0.8,41,2.0,312
2018-01-05,1,0,1,15,4,1,1.0,1.5,-12.6,-1.5,34,2.8,343
2018-01-05,1,0,1,16,4,1,1.0,1.0,-13.1,-2.2,34,2.9,333
2018-01-05,1,0,1,17,4,1,1.0,-0.6,-11.0,-4.5,45,3.3,329
2018-01-05,1,0,1,18,4,1,1.0,-1.8,-12.4,-4.8,44,2.2,446
2018-01-05,1,0,1,19,4,1,,-2.5,-11.7,-2.5,49,0.6,635
2018-01-05,1,0,1,20,4,1,,-3.4,-12.1,-3.4,51,1.1,443
2018-01-05,1,0,1,21,4,1,1.0,-3.5,-11.7,-3.5,53,0.9,322
2018-01-05,1,0,1,22,4,1,,-3.8,-12.0,-3.8,53,1.3,284
2018-01-05,1,0,1,23,4,1,,-3.6,-12.5,-6.5,50,1.9,281
2018-01-05,1,0,1,24,4,1,1.0,-4.3,-12.7,-6.9,52,1.6,189
2018-01-06,1,0,1,1,5,0,,-4.8,-12.7,-4.8,54,1.2,184
2018-01-06,1,0,1,2,5,0,,-5.5,-12.9,-7.9,56,1.4,222
2018-01-06,1,0,1,3,5,0,1.0,-5.6,-13.0,-5.6,56,1.0,176
2018-01-06,1,0,1,4,5,0,1.0,-5.9,-12.2,-5.9,61,1.1,103
2018-01-06,1,0,1,5,5,0,1.0,-6.1,-11.8,-6.1,64,1.0,61
2018-01-06,1,0,1,6,5,0,1.0,-6.5,-11.6,-6.5,67,0.7,48
2018-01-06,1,0,1,7,5,0,1.0,-6.6,-12.0,-6.6,65,1.0,69
2018-01-06,1,0,1,8,5,0,1.0,-6.5,-12.5,-6.5,62,1.1,105
2018-01-06,1,0,1,9,5,0,1.0,-5.8,-14.8,-8.2,49,1.4,186
2018-01-06,1,0,1,10,5,0,1.0,-3.5,-15.4,-6.6,39,2.0,221
2018-01-06,1,0,1,11,5,0,1.0,-1.6,-15.1,-4.5,35,2.1,204
2018-01-06,1,0,1,12,5,0,1.0,0.0,-13.6,-2.8,35,2.3,245
2018-01-06,1,0,1,13,5,0,1.0,0.9,-15.6,-1.9,28,2.4,283
2018-01-06,1,0,1,14,5,0,1.0,1.8,-14.3,-0.4,29,2.0,356
2018-01-06,1,0,1,15,5,0,1.0,2.3,-14.8,-0.0,27,2.2,370
2018-01-06,1,0,1,16,5,0,1.0,2.7,-14.4,0.5,27,2.2,373
2018-01-06,1,0,1,17,5,0,1.0,1.1,-14.1,-0.8,31,1.7,352
2018-01-06,1,0,1,18,5,0,1.0,-0.6,-13.5,-2.6,37,1.6,354
2018-01-06,1,0,1,19,5,0,,-1.2,-14.0,-1.2,37,1.2,271
2018-01-06,1,0,1,20,5,0,,-2.1,-13.6,-2.1,41,1.1,207
2018-01-06,1,0,1,21,5,0,1.0,-2.5,-12.2,-2.5,47,0.8,189
2018-01-06,1,0,1,22,5,0,,-2.6,-12.3,-4.9,47,1.6,214
2018-01-06,1,0,1,23,5,0,,-3.2,-12.1,-3.2,50,0.8,218
2018-01-06,1,0,1,24,5,0,1.0,-3.8,-13.2,-3.8,48,0.7,169
2018-01-07,1,0,1,1,6,1,,-3.9,-12.5,-3.9,51,0.2,192
2018-01-07,1,0,1,2,6,1,,-4.4,-12.5,-4.4,53,0.3,162
2018-01-07,1,0,1,3,6,1,1.0,-4.8,-12.2,-4.8,56,0.6,128
2018-01-07,1,0,1,4,6,1,1.0,-5.1,-11.6,-5.1,60,0.7,102
2018-01-07,1,0,1,5,6,1,1.0,-5.6,-12.5,-5.6,58,0.7,62
2018-01-07,1,0,1,6,6,1,,-5.5,-13.8,-5.5,52,0.7,40
2018-01-07,1,0,1,7,6,1,,-5.6,-12.5,-5.6,58,0.9,38
2018-01-07,1,0,1,8,6,1,,-5.3,-13.4,-5.3,53,1.1,60
2018-01-07,1,0,1,9,6,1,,-3.8,-12.9,-6.3,49,1.6,122
2018-01-07,1,0,1,10,6,1,,-1.8,-13.6,-4.3,40,1.8,143
2018-01-07,1,0,1,11,6,1,,0.5,-13.2,-1.0,35,1.4,179
2018-01-07,1,0,1,12,6,1,,1.1,-13.0,1.1,34,0.9,214
2018-01-07,1,0,1,13,6,1,,1.4,-12.7,1.4,34,0.8,278
2018-01-07,1,0,1,14,6,1,,1.9,-13.0,1.9,32,0.7,265
2018-01-07,1,0,1,15,6,1,,2.7,-12.7,2.7,31,0.9,331
2018-01-07,1,0,1,16,6,1,,2.6,-12.4,2.6,32,1.0,368
2018-01-07,1,0,1,17,6,1,,2.3,-12.3,2.3,33,0.2,333
2018-01-07,1,0,1,18,6,1,,1.8,-12.4,1.8,34,1.2,349
2018-01-07,1,0,1,19,6,1,,1.6,-12.2,1.6,35,1.0,270
2018-01-07,1,0,1,20,6,1,,1.3,-11.4,1.3,38,0.4,246
2018-01-07,1,0,1,21,6,1,,1.2,-11.2,1.2,39,0.6,233
2018-01-07,1,0,1,22,6,1,,1.1,-11.0,1.1,40,0.5,236
2018-01-07,1,0,1,23,6,1,,1.1,-11.3,1.1,39,0.6,214
2018-01-07,1,0,1,24,6,1,,0.9,-10.5,0.9,42,1.1,149
2018-01-08,1,0,1,1,0,1,,0.9,-10.5,0.9,42,0.2,149
2018-01-08,1,0,1,2,0,1,,0.8,-10.6,0.8,42,0.5,109
2018-01-08,1,0,1,3,0,1,,0.9,-10.2,0.9,43,0.4,77
2018-01-08,1,0,1,4,0,1,,1.0,-10.2,1.0,43,0.8,53
2018-01-08,1,0,1,5,0,1,,0.8,-10.6,0.8,42,1.0,46
2018-01-08,1,0,1,6,0,1,,0.8,-9.8,0.8,45,0.7,67
2018-01-08,1,0,1,7,0,1,,0.7,-10.1,0.7,44,0.8,159
2018-01-08,1,0,1,8,0,1,,0.7,-9.9,0.7,45,0.7,374
2018-01-08,1,0,1,9,0,1,,0.8,-9.2,0.8,47,0.9,701
2018-01-08,1,0,1,10,0,1,,1.3,-9.9,1.3,43,0.8,387
2018-01-08,1,0,1,11,0,1,,1.7,-11.4,1.7,37,0.6,253
2018-01-08,1,0,1,12,0,1,,2.7,-12.0,-0.0,33,2.7,278
2018-01-08,1,0,1,13,0,1,,3.0,-12.1,1.5,32,1.6,356
2018-01-08,1,0,1,14,0,1,,3.4,-12.1,2.3,31,1.4,303
2018-01-08,1,0,1,15,0,1,,3.9,-10.9,2.3,33,1.8,349
2018-01-08,1,0,1,16,0,1,,3.5,-10.2,2.0,36,1.7,318
2018-01-08,1,0,1,17,0,1,,2.7,-6.7,-0.1,50,2.8,353
2018-01-08,1,0,1,18,0,1,,1.5,-3.3,-1.3,70,2.5,385
2018-01-08,1,0,1,19,0,1,,0.9,-0.8,-0.9,88,1.6,316
2018-01-08,1,0,1,20,0,1,,1.0,-0.6,-1.2,89,1.9,127
2018-01-08,1,0,1,21,0,1,,0.7,-2.8,-4.9,77,6.7,144
2018-01-08,1,0,1,22,0,1,,0.1,-5.1,-4.6,68,4.6,146
2018-01-08,1,0,1,23,0,1,,-0.6,-6.9,-5.2,62,4.2,149
2018-01-08,1,0,1,24,0,1,,-1.2,-6.5,-6.2,67,4.6,112
2018-01-09,1,0,1,1,1,1,3.0,-1.9,-6.8,-7.3,69,5.0,100
2018-01-09,1,0,1,2,1,1,,-2.9,-8.3,-7.3,66,3.3,107
2018-01-09,1,0,1,3,1,1,1.0,-3.4,-8.6,-7.8,67,3.2,75
2018-01-09,1,0,1,4,1,1,1.0,-4.3,-11.1,-9.9,59,4.4,52
2018-01-09,1,0,1,5,1,1,1.0,-5.1,-14.4,-9.9,48,3.2,38
2018-01-09,1,0,1,6,1,1,1.0,-5.6,-13.9,-10.9,52,3.7,52
2018-01-09,1,0,1,7,1,1,1.0,-5.9,-13.0,-10.7,57,3.1,126
2018-01-09,1,0,1,8,1,1,1.0,-6.0,-11.7,-10.9,64,3.2,245
2018-01-09,1,0,1,9,1,1,1.0,-6.0,-12.3,-10.2,61,2.5,554
2018-01-09,1,0,1,10,1,1,1.0,-4.8,-12.0,-9.3,57,3.0,320
2018-01-09,1,0,1,11,1,1,1.0,-3.9,-12.5,-9.5,51,4.5,190
2018-01-09,1,0,1,12,1,1,1.0,-2.7,-13.0,-6.1,45,2.4,247
2018-01-09,1,0,1,13,1,1,1.0,-2.6,-12.9,-7.5,45,4.0,262
2018-01-09,1,0,1,14,1,1,1.0,-1.8,-12.1,-6.3,45,3.7,265
2018-01-09,1,0,1,15,1,1,3.0,-2.4,-11.1,-7.7,51,4.6,265
2018-01-09,1,0,1,16,1,1,3.0,-2.4,-9.9,-6.7,56,3.3,257
2018-01-09,1,0,1,17,1,1,,-2.9,-8.3,-7.5,66,3.6,262
2018-01-09,1,0,1,18,1,1,,-3.8,-10.8,-6.4,58,1.7,332
2018-01-09,1,0,1,19,1,1,,-4.5,-11.7,-4.5,57,0.6,558
2018-01-09,1,0,1,20,1,1,,-4.9,-11.6,-4.9,59,0.6,364
2018-01-09,1,0,1,21,1,1,,-4.8,-11.6,-4.8,59,0.9,302
2018-01-09,1,0,1,22,1,1,3.0,-4.2,-9.4,-6.7,67,1.6,281
2018-01-09,1,0,1,23,1,1,,-4.9,-7.8,-4.9,80,0.7,166
2018-01-09,1,0,1,24,1,1,,-5.2,-7.7,-5.2,82,0.8,80
2018-01-10,1,0,1,1,2,1,3.0,-5.6,-9.3,-8.5,75,1.7,61
2018-01-10,1,0,1,2,2,1,3.0,-5.7,-9.9,-5.7,72,1.2,78
2018-01-10,1,0,1,3,2,1,,-6.1,-10.6,-6.1,70,1.1,63
2018-01-10,1,0,1,4,2,1,1.0,-6.6,-10.8,-10.5,72,2.2,40
2018-01-10,1,0,1,5,2,1,1.0,-7.3,-10.9,-10.3,75,1.6,31
2018-01-10,1,0,1,6,2,1,1.0,-7.7,-11.5,-7.7,74,1.1,39
2018-01-10,1,0,1,7,2,1,1.0,-8.0,-12.5,-11.5,70,1.8,84
2018-01-10,1,0,1,8,2,1,1.0,-7.9,-12.9,-12.5,67,2.6,158
2018-01-10,1,0,1,9,2,1,1.0,-7.7,-13.7,-13.4,62,3.6,387
2018-01-10,1,0,1,10,2,1,1.0,-6.9,-14.8,-12.0,53,3.2,225
2018-01-10,1,0,1,11,2,1,1.0,-6.4,-15.3,-12.6,49,4.5,150
2018-01-10,1,0,1,12,2,1,1.0,-5.6,-15.9,-11.6,44,4.5,168
2018-01-10,1,0,1,13,2,1,1.0,-5.1,-15.7,-11.1,43,4.7,217
2018-01-10,1,0,1,14,2,1,1.0,-5.3,-17.7,-11.8,37,5.3,207
2018-01-10,1,0,1,15,2,1,1.0,-5.3,-19.0,-11.4,33,4.8,177
2018-01-10,1,0,1,16,2,1,1.0,-5.4,-20.2,-10.9,30,3.9,193
2018-01-10,1,0,1,17,2,1,1.0,-6.5,-19.8,-12.3,34,4.0,196
2018-01-10,1,0,1,18,2,1,1.0,-7.8,-21.6,-14.3,32,4.5,266
2018-01-10,1,0,1,19,2,1,,-8.5,-21.2,-13.6,35,2.9,437
2018-01-10,1,0,1,20,2,1,,-8.9,-19.7,-13.3,41,2.3,259
2018-01-10,1,0,1,21,2,1,1.0,-9.4,-18.6,-13.4,47,2.0,207
2018-01-10,1,0,1,22,2,1,,-9.7,-17.9,-14.9,51,2.8,214
2018-01-10,1,0,1,23,2,1,,-10.2,-17.9,-16.1,53,3.3,165
2018-01-10,1,0,1,24,2,1,1.0,-10.3,-17.8,-15.1,54,2.4,139
2018-01-11,1,0,1,1,3,1,,-10.6,-17.9,-16.1,55,2.9,98
2018-01-11,1,0,1,2,3,1,,-10.9,-17.7,-16.2,57,2.7,100
2018-01-11,1,0,1,3,3,1,1.0,-11.2,-17.6,-16.9,59,2.9,89
2018-01-11,1,0,1,4,3,1,1.0,-11.5,-18.3,-16.4,57,2.3,38
2018-01-11,1,0,1,5,3,1,1.0,-11.9,-17.9,-16.0,61,1.8,33
2018-01-11,1,0,1,6,3,1,1.0,-12.0,-18.0,-17.0,61,2.3,42
2018-01-11,1,0,1,7,3,1,1.0,-12.3,-18.6,-17.3,59,2.3,82
2018-01-11,1,0,1,8,3,1,1.0,-12.6,-18.5,-16.4,61,1.6,203
2018-01-11,1,0,1,9,3,1,1.0,-12.0,-19.6,-17.4,53,2.6,443
2018-01-11,1,0,1,10,3,1,1.0,-11.1,-20.4,-17.6,46,3.7,227
2018-01-11,1,0,1,11,3,1,1.0,-10.2,-20.9,-16.3,41,3.5,152
2018-01-11,1,0,1,12,3,1,1.0,-8.6,-19.8,-13.4,40,2.6,146
2018-01-11,1,0,1,13,3,1,1.0,-8.6,-19.5,-14.3,41,3.4,187
2018-01-11,1,0,1,14,3,1,1.0,-7.4,-19.3,-12.7,38,3.3,178
2018-01-11,1,0,1,15,3,1,1.0,-8.3,-18.9,-14.3,42,3.8,187
2018-01-11,1,0,1,16,3,1,1.0,-8.2,-19.7,-13.1,39,2.8,181
2018-01-11,1,0,1,17,3,1,1.0,-9.3,-19.6,-14.5,43,2.8,179
2018-01-11,1,0,1,18,3,1,1.0,-10.4,-20.6,-15.1,43,2.3,219
2018-01-11,1,0,1,19,3,1,,-10.9,-20.7,-16.6,44,3.0,352
2018-01-11,1,0,1,20,3,1,,-11.6,-20.1,-15.6,49,1.8,251
2018-01-11,1,0,1,21,3,1,1.0,-12.4,-20.4,-17.3,51,2.2,177
2018-01-11,1,0,1,22,3,1,,-12.9,-20.7,-18.8,52,2.8,162
2018-01-11,1,0,1,23,3,1,,-13.2,-21.2,-16.8,51,1.5,172
2018-01-11,1,0,1,24,3,1,1.0,-13.6,-22.0,-17.5,49,1.6,119
2018-01-12,1,0,1,1,4,1,,-13.7,-22.6,-20.0,47,3.0,105
2018-01-12,1,0,1,2,4,1,,-13.8,-23.7,-19.5,43,2.6,99
2018-01-12,1,0,1,3,4,1,1.0,-14.1,-23.4,-18.5,45,1.8,83
2018-01-12,1,0,1,4,4,1,1.0,-14.3,-23.6,-19.1,45,2.0,42
2018-01-12,1,0,1,5,4,1,1.0,-14.6,-23.9,-14.6,45,1.1,30
2018-01-12,1,0,1,6,4,1,1.0,-14.9,-24.2,-20.4,45,2.3,35
2018-01-12,1,0,1,7,4,1,1.0,-15.1,-24.4,-15.1,45,0.9,92
2018-01-12,1,0,1,8,4,1,1.0,-15.1,-24.6,-15.1,44,1.2,189
2018-01-12,1,0,1,9,4,1,1.0,-14.9,-25.5,-14.9,40,1.2,419
2018-01-12,1,0,1,10,4,1,1.0,-13.0,-24.6,-18.0,37,2.2,196
2018-01-12,1,0,1,11,4,1,1.0,-11.2,-25.0,-16.2,31,2.4,119
2018-01-12,1,0,1,12,4,1,1.0,-9.6,-25.1,-13.7,27,2.0,140
2018-01-12,1,0,1,13,4,1,1.0,-8.2,-23.1,-12.0,29,2.0,178
2018-01-12,1,0,1,14,4,1,1.0,-7.2,-22.6,-11.3,28,2.3,177
2018-01-12,1,0,1,15,4,1,1.0,-6.5,-22.8,-10.6,26,2.4,173
2018-01-12,1,0,1,16,4,1,1.0,-5.8,-24.6,-5.8,21,1.1,177
2018-01-12,1,0,1,17,4,1,1.0,-6.5,-24.7,-9.2,22,1.5,196
2018-01-12,1,0,1,18,4,1,1.0,-7.5,-22.9,-11.2,28,2.0,259
2018-01-12,1,0,1,19,4,1,,-8.2,-22.0,-8.2,32,1.1,405
2018-01-12,1,0,1,20,4,1,,-7.9,-22.1,-10.6,31,1.4,273
2018-01-12,1,0,1,21,4,1,,-7.4,-20.9,-10.0,33,1.4,210
2018-01-12,1,0,1,22,4,1,3.0,-6.9,-18.5,-9.8,39,1.6,184
2018-01-12,1,0,1,23,4,1,3.0,-6.7,-19.3,-6.7,36,1.3,186
2018-01-12,1,0,1,24,4,1,3.0,-6.6,-18.2,-9.5,39,1.6,144
2018-01-13,1,0,1,1,5,0,3.0,-6.5,-16.4,-6.5,45,0.5,152
2018-01-13,1,0,1,2,5,0,,-6.4,-17.8,-6.4,40,0.9,168
2018-01-13,1,0,1,3,5,0,,-6.5,-17.3,-6.5,42,0.7,145
2018-01-13,1,0,1,4,5,0,,-6.4,-16.1,-6.4,46,0.8,77
2018-01-13,1,0,1,5,5,0,3.0,-6.3,-14.8,-6.3,51,0.8,47
2018-01-13,1,0,1,6,5,0,,-6.4,-13.1,-6.4,59,0.6,40
2018-01-13,1,0,1,7,5,0,,-6.5,-11.4,-6.5,68,0.6,42
2018-01-13,1,0,1,8,5,0,,-6.5,-10.7,-6.5,72,0.8,43
2018-01-13,1,0,1,9,5,0,,-6.3,-9.8,-6.3,76,0.6,67
2018-01-13,1,0,1,10,5,0,3.0,-5.5,-9.7,-5.5,72,0.7,102
2018-01-13,1,0,1,11,5,0,,-4.8,-9.4,-4.8,70,1.0,106
2018-01-13,1,0,1,12,5,0,,-3.7,-9.1,-3.7,66,1.1,133
2018-01-13,1,0,1,13,5,0,,-2.5,-8.7,-4.4,62,1.4,174
2018-01-13,1,0,1,14,5,0,,-1.8,-8.1,-1.8,62,0.7,212
2018-01-13,1,0,1,15,5,0,,-1.5,-7.8,-1.5,62,0.9,215
2018-01-13,1,0,1,16,5,0,,-1.2,-7.3,-1.2,63,0.9,251
2018-01-13,1,0,1,17,5,0,,-1.4,-6.5,-1.4,68,1.0,249
2018-01-13,1,0,1,18,5,0,,-2.6,-6.7,-2.6,73,1.0,277
2018-01-13,1,0,1,19,5,0,,-3.3,-6.9,-3.3,76,0.8,223
2018-01-13,1,0,1,20,5,0,,-3.9,-7.1,-3.9,78,1.1,167
2018-01-13,1,0,1,21,5,0,,-4.1,-7.2,-4.1,79,0.7,158
2018-01-13,1,0,1,22,5,0,,-4.3,-7.0,-4.3,81,0.4,156
2018-01-13,1,0,1,23,5,0,,-4.4,-7.1,-4.4,81,0.7,168
2018-01-13,1,0,1,24,5,0,,-4.4,-7.1,-4.4,81,0.7,131
2018-01-14,1,0,1,1,6,1,,-3.7,-6.8,-3.7,79,0.9,149
2018-01-14,1,0,1,2,6,1,,-3.5,-6.7,-3.5,78,1.0,150
2018-01-14,1,0,1,3,6,1,,-3.6,-6.8,-6.1,78,1.6,111
2018-01-14,1,0,1,4,6,1,,-4.0,-7.1,-4.0,79,1.2,79
2018-01-14,1,0,1,5,6,1,,-4.2,-7.3,-4.2,79,1.2,48
2018-01-14,1,0,1,6,6,1,,-4.3,-7.4,-4.3,79,1.1,29
2018-01-14,1,0,1,7,6,1,,-4.4,-7.3,-6.6,80,1.4,49
2018-01-14,1,0,1,8,6,1,,-3.8,-6.9,-3.8,79,0.8,59
2018-01-14,1,0,1,9,6,1,,-3.4,-6.8,-5.8,77,1.6,81
2018-01-14,1,0,1,10,6,1,,-2.1,-6.4,-4.5,72,1.7,118
2018-01-14,1,0,1,11,6,1,,-0.5,-6.4,-0.5,64,0.7,134
2018-01-14,1,0,1,12,6,1,,1.2,-6.1,1.2,58,0.8,174
2018-01-14,1,0,1,13,6,1,,3.0,-5.9,1.8,52,1.4,226
2018-01-14,1,0,1,14,6,1,,3.7,-5.0,3.7,53,0.6,272
2018-01-14,1,0,1,15,6,1,,4.6,-4.9,4.6,50,0.9,304
2018-01-14,1,0,1,16,6,1,,5.3,-4.5,3.9,49,1.8,353
2018-01-14,1,0,1,17,6,1,,4.5,-4.7,4.5,51,1.1,366
2018-01-14,1,0,1,18,6,1,,4.1,-4.6,4.1,53,1.3,302
2018-01-14,1,0,1,19,6,1,,3.9,-4.5,3.9,54,1.1,250
2018-01-14,1,0,1,20,6,1,,3.5,-4.7,3.5,55,1.0,208
2018-01-14,1,0,1,21,6,1,,3.1,-4.3,3.1,58,0.4,210
2018-01-14,1,0,1,22,6,1,,2.8,-4.2,2.8,60,0.6,213
2018-01-14,1,0,1,23,6,1,,2.7,-4.3,2.7,60,0.6,196
2018-01-14,1,0,1,24,6,1,,3.0,-4.0,3.0,60,0.5,144
2018-01-15,1,0,1,1,0,1,,3.0,-3.5,3.0,62,0.9,171
2018-01-15,1,0,1,2,0,1,,3.6,-2.3,3.6,65,0.9,122
2018-01-15,1,0,1,3,0,1,,4.4,-0.6,3.0,70,1.7,74
2018-01-15,1,0,1,4,0,1,,4.9,0.4,3.5,73,1.8,58
2018-01-15,1,0,1,5,0,1,,5.0,1.1,3.5,76,1.9,38
2018-01-15,1,0,1,6,0,1,,4.9,2.2,2.4,83,3.0,55
2018-01-15,1,0,1,7,0,1,,4.4,2.4,4.4,87,1.0,82
2018-01-15,1,0,1,8,0,1,,4.1,1.7,4.1,85,1.1,209
2018-01-15,1,0,1,9,0,1,,3.9,1.7,2.4,86,1.7,444
2018-01-15,1,0,1,10,0,1,,4.2,1.3,2.2,82,2.2,303
2018-01-15,1,0,1,11,0,1,,4.7,0.6,2.7,75,2.3,212
2018-01-15,1,0,1,12,0,1,,6.2,-0.1,4.9,64,1.9,254
2018-01-15,1,0,1,13,0,1,,6.1,-0.8,4.4,61,2.3,311
2018-01-15,1,0,1,14,0,1,,7.1,-2.1,5.7,52,2.1,309
2018-01-15,1,0,1,15,0,1,,7.4,-6.0,6.4,38,1.7,306
2018-01-15,1,0,1,16,0,1,,7.5,-6.2,7.5,37,0.9,349
2018-01-15,1,0,1,17,0,1,,6.5,-6.1,6.5,40,0.8,365
2018-01-15,1,0,1,18,0,1,,5.2,-6.0,5.2,44,1.3,455
2018-01-15,1,0,1,19,0,1,,4.4,-4.3,4.4,53,1.2,555
2018-01-15,1,0,1,20,0,1,,3.7,-3.8,3.7,58,1.3,444
2018-01-15,1,0,1,21,0,1,,3.4,-3.8,3.4,59,0.8,321
2018-01-15,1,0,1,22,0,1,,3.0,-3.8,1.5,61,1.6,334
2018-01-15,1,0,1,23,0,1,,2.4,-3.9,2.4,63,0.6,333
2018-01-15,1,0,1,24,0,1,,1.8,-3.6,1.8,67,1.2,230
2018-01-16,1,0,1,1,1,1,,1.2,-4.8,1.2,64,0.7,212
2018-01-16,1,0,1,2,1,1,,0.5,-3.9,0.5,72,0.7,207
2018-01-16,1,0,1,3,1,1,,0.3,-4.5,0.3,70,0.6,141
2018-01-16,1,0,1,4,1,1,,0.8,-5.0,0.8,65,0.7,81
2018-01-16,1,0,1,5,1,1,,1.1,-4.9,1.1,64,0.5,51
2018-01-16,1,0,1,6,1,1,,1.2,-3.8,1.2,69,0.6,58
2018-01-16,1,0,1,7,1,1,,1.1,-3.9,1.1,69,0.6,140
2018-01-16,1,0,1,8,1,1,,1.2,-4.0,1.2,68,0.6,318
2018-01-16,1,0,1,9,1,1,,1.9,-3.9,1.9,65,0.8,650
2018-01-16,1,0,1,10,1,1,,2.7,-4.3,2.7,60,0.5,376
2018-01-16,1,0,1,11,1,1,,3.9,-3.8,3.9,57,0.8,221
2018-01-16,1,0,1,12,1,1,,5.2,-3.8,5.2,52,1.2,256
2018-01-16,1,0,1,13,1,1,,5.8,-4.6,5.8,47,0.8,276
2018-01-16,1,0,1,14,1,1,,6.5,-5.2,6.5,43,0.8,296
2018-01-16,1,0,1,15,1,1,,6.3,-6.3,6.3,40,0.3,276
2018-01-16,1,0,1,16,1,1,,5.8,-3.8,5.8,50,0.9,250
2018-01-16,1,0,1,17,1,1,,5.2,-2.4,5.2,58,0.8,277
2018-01-16,1,0,1,18,1,1,,4.9,-2.4,4.0,59,1.4,381
2018-01-16,1,0,1,19,1,1,,4.6,-3.2,4.6,57,1.0,592
2018-01-16,1,0,1,20,1,1,,4.5,-3.0,4.5,58,0.8,409
2018-01-16,1,0,1,21,1,1,,4.3,-3.7,4.3,56,0.7,332
2018-01-16,1,0,1,22,1,1,,4.0,-3.7,4.0,57,0.3,342
2018-01-16,1,0,1,23,1,1,,3.9,-3.1,3.9,60,0.9,321
2018-01-16,1,0,1,24,1,1,,3.5,-3.1,3.5,62,0.4,242
2018-01-17,1,0,1,1,2,1,,3.3,-2.8,3.3,64,0.4,204
2018-01-17,1,0,1,2,2,1,,3.1,-2.8,3.1,65,0.8,183
2018-01-17,1,0,1,3,2,1,,3.0,-2.5,3.0,67,0.8,140
2018-01-17,1,0,1,4,2,1,,3.0,-2.3,3.0,68,0.5,75
2018-01-17,1,0,1,5,2,1,,2.9,-2.8,2.9,66,0.8,55
2018-01-17,1,0,1,6,2,1,,2.7,-2.0,2.7,71,1.1,72
2018-01-17,1,0,1,7,2,1,,2.5,-2.2,2.5,71,0.9,115
2018-01-17,1,0,1,8,2,1,,2.6,-2.3,2.6,70,0.6,272
2018-01-17,1,0,1,9,2,1,,3.0,-2.7,3.0,66,0.7,537
2018-01-17,1,0,1,10,2,1,,4.3,-3.2,4.3,58,0.5,337
2018-01-17,1,0,1,11,2,1,,6.0,-3.3,6.0,51,1.0,212
2018-01-17,1,0,1,12,2,1,,8.1,-1.4,7.6,51,1.4,270
2018-01-17,1,0,1,13,2,1,,8.0,-0.7,7.0,54,1.8,310
2018-01-17,1,0,1,14,2,1,,7.7,-1.0,6.0,54,2.6,273
2018-01-17,1,0,1,15,2,1,,8.5,-1.6,8.5,49,1.3,258
2018-01-17,1,0,1,16,2,1,,8.3,-0.4,8.3,54,1.2,278
2018-01-17,1,0,1,17,2,1,,7.2,-0.7,4.9,57,3.3,314
2018-01-17,1,0,1,18,2,1,,5.2,-1.5,2.8,62,2.9,380
2018-01-17,1,0,1,19,2,1,,4.2,-1.1,2.0,68,2.4,501
2018-01-17,1,0,1,20,2,1,,3.5,-1.0,2.0,72,1.7,360
2018-01-17,1,0,1,21,2,1,,3.1,-1.0,3.1,74,1.1,286
2018-01-17,1,0,1,22,2,1,,2.8,-1.3,2.8,74,0.5,320
2018-01-17,1,0,1,23,2,1,,2.7,-1.4,2.7,74,0.8,313
2018-01-17,1,0,1,24,2,1,,2.7,-1.6,2.7,73,1.0,227
2018-01-18,1,0,1,1,3,1,,3.2,-1.3,1.4,72,1.9,215
2018-01-18,1,0,1,2,3,1,,3.3,-1.0,3.3,73,1.2,190
2018-01-18,1,0,1,3,3,1,,3.6,-0.6,2.1,74,1.7,137
2018-01-18,1,0,1,4,3,1,,3.3,0.1,1.3,80,2.1,95
2018-01-18,1,0,1,5,3,1,,2.6,-0.1,0.6,82,2.0,50
2018-01-18,1,0,1,6,3,1,,2.2,-0.5,0.1,82,2.0,68
2018-01-18,1,0,1,7,3,1,,1.5,-0.5,1.5,86,1.1,107
2018-01-18,1,0,1,8,3,1,,1.1,-0.9,1.1,86,1.2,279
2018-01-18,1,0,1,9,3,1,,1.2,-1.2,-1.2,84,2.1,537
2018-01-18,1,0,1,10,3,1,,1.4,-1.5,-1.0,81,2.1,305
2018-01-18,1,0,1,11,3,1,,1.8,-2.1,-0.1,75,1.8,188
2018-01-18,1,0,1,12,3,1,,2.5,-2.0,0.0,72,2.4,261
2018-01-18,1,0,1,13,3,1,,3.5,-4.9,0.5,54,3.2,267
2018-01-18,1,0,1,14,3,1,,4.4,-7.4,2.4,42,2.3,307
2018-01-18,1,0,1,15,3,1,,4.2,-9.5,2.1,36,2.3,301
2018-01-18,1,0,1,16,3,1,,3.6,-8.1,1.3,42,2.4,269
2018-01-18,1,0,1,17,3,1,,2.8,-7.6,0.7,46,2.1,328
2018-01-18,1,0,1,18,3,1,,2.0,-10.5,-0.3,39,2.1,416
2018-01-18,1,0,1,19,3,1,,1.5,-10.3,1.5,41,1.0,506
2018-01-18,1,0,1,20,3,1,,1.1,-9.8,1.1,44,1.2,365
2018-01-18,1,0,1,21,3,1,,0.8,-9.8,-0.9,45,1.5,303
2018-01-18,1,0,1,22,3,1,,0.7,-9.9,-1.7,45,2.0,339
2018-01-18,1,0,1,23,3,1,,0.6,-9.4,-2.1,47,2.3,318
2018-01-18,1,0,1,24,3,1,,0.3,-10.2,-1.9,45,1.8,232
2018-01-19,1,0,1,1,4,1,,0.0,-11.1,-2.1,43,1.7,211
2018-01-19,1,0,1,2,4,1,,-0.3,-11.1,-2.4,44,1.7,207
2018-01-19,1,0,1,3,4,1,,-0.6,-11.6,-2.8,43,1.7,140
2018-01-19,1,0,1,4,4,1,,-0.7,-11.1,-2.4,45,1.4,93
2018-01-19,1,0,1,5,4,1,,-1.4,-11.2,-3.2,47,1.4,58
2018-01-19,1,0,1,6,4,1,,-1.8,-11.1,-3.7,49,1.4,61
2018-01-19,1,0,1,7,4,1,1.0,-2.0,-11.3,-4.7,49,1.9,151
2018-01-19,1,0,1,8,4,1,,-2.5,-11.5,-2.5,50,1.0,334
2018-01-19,1,0,1,9,4,1,,-2.1,-13.3,-2.1,42,1.3,648
2018-01-19,1,0,1,10,4,1,,0.0,-15.9,0.0,29,1.3,387
2018-01-19,1,0,1,11,4,1,,2.2,-18.5,2.2,20,0.6,255
2018-01-19,1,0,1,12,4,1,1.0,4.3,-12.6,3.1,28,1.5,283
2018-01-19,1,0,1,13,4,1,1.0,4.7,-13.2,2.4,26,2.6,341
2018-01-19,1,0,1,14,4,1,1.0,4.7,-14.2,1.7,24,3.6,341
2018-01-19,1,0,1,15,4,1,1.0,5.4,-13.1,3.4,25,2.4,349
2018-01-19,1,0,1,16,4,1,,4.9,-12.5,2.5,27,2.8,381
2018-01-19,1,0,1,17,4,1,,4.1,-10.3,1.3,34,3.1,390
2018-01-19,1,0,1,18,4,1,,2.9,-7.8,1.4,45,1.6,468
2018-01-19,1,0,1,19,4,1,,2.0,-7.8,0.1,48,1.8,702
2018-01-19,1,0,1,20,4,1,,1.2,-7.8,1.2,51,0.6,471
2018-01-19,1,0,1,21,4,1,1.0,0.5,-8.2,0.5,52,0.8,342
2018-01-19,1,0,1,22,4,1,,0.0,-7.7,0.0,56,0.8,331
2018-01-19,1,0,1,23,4,1,,-0.5,-7.5,-0.5,59,0.9,292
2018-01-19,1,0,1,24,4,1,1.0,-0.6,-7.4,-0.6,60,0.6,236
2018-01-20,1,0,1,1,5,0,,-0.9,-6.8,-0.9,64,0.4,228
2018-01-20,1,0,1,2,5,0,,-0.9,-6.6,-0.9,65,0.6,258
2018-01-20,1,0,1,3,5,0,,-0.9,-6.6,-0.9,65,0.2,216
2018-01-20,1,0,1,4,5,0,,-0.7,-6.4,-0.7,65,0.6,118
2018-01-20,1,0,1,5,5,0,,-0.3,-6.7,-0.3,62,0.6,89
2018-01-20,1,0,1,6,5,0,,-0.1,-6.9,-0.1,60,0.4,56
2018-01-20,1,0,1,7,5,0,,0.2,-6.6,0.2,60,0.3,50
2018-01-20,1,0,1,8,5,0,,0.3,-5.9,0.3,63,0.4,101
2018-01-20,1,0,1,9,5,0,,0.9,-5.3,0.9,63,0.9,191
2018-01-20,1,0,1,10,5,0,,2.1,-4.8,2.1,60,1.2,234
2018-01-20,1,0,1,11,5,0,,3.7,-3.5,2.1,59,1.8,259
2018-01-20,1,0,1,12,5,0,,5.3,-3.0,3.2,55,2.6,285
2018-01-20,1,0,1,13,5,0,,6.3,-2.0,4.1,55,3.0,325
2018-01-20,1,0,1,14,5,0,,5.9,-1.0,3.4,61,3.2,356
2018-01-20,1,0,1,15,5,0,,6.3,-2.0,4.1,55,3.0,334
2018-01-20,1,0,1,16,5,0,,6.6,-5.4,4.4,42,3.0,406
2018-01-20,1,0,1,17,5,0,,5.7,-3.1,4.4,53,1.8,352
2018-01-20,1,0,1,18,5,0,,4.6,-3.6,1.9,55,3.2,377
2018-01-20,1,0,1,19,5,0,,3.5,-2.2,2.0,66,1.7,283
2018-01-20,1,0,1,20,5,0,,2.9,-2.8,2.9,66,1.2,223
2018-01-20,1,0,1,21,5,0,,2.1,-7.7,-0.8,48,2.8,219
2018-01-20,1,0,1,22,5,0,,1.5,-8.3,-1.2,48,2.4,220
2018-01-20,1,0,1,23,5,0,,0.8,-7.7,-1.2,53,1.7,232
2018-01-20,1,0,1,24,5,0,,-0.3,-7.1,-2.7,60,1.9,164
2018-01-21,1,0,1,1,6,1,,-0.8,-8.0,-0.8,58,0.4,196
2018-01-21,1,0,1,2,6,1,,-1.5,-7.6,-1.5,63,1.0,177
2018-01-21,1,0,1,3,6,1,,-2.0,-8.7,-2.0,60,0.5,107
2018-01-21,1,0,1,4,6,1,,-2.3,-12.1,-2.3,47,0.7,107
2018-01-21,1,0,1,5,6,1,1.0,-2.6,-11.8,-2.6,49,1.1,73
2018-01-21,1,0,1,6,6,1,1.0,-3.1,-11.1,-5.1,54,1.4,32
2018-01-21,1,0,1,7,6,1,1.0,-3.2,-11.2,-3.2,54,1.2,36
2018-01-21,1,0,1,8,6,1,1.0,-3.6,-11.8,-3.6,53,0.5,61
2018-01-21,1,0,1,9,6,1,1.0,-3.2,-13.2,-3.2,46,0.8,115
2018-01-21,1,0,1,10,6,1,1.0,-1.3,-14.1,-1.3,37,0.8,152
2018-01-21,1,0,1,11,6,1,1.0,1.9,-16.1,1.9,25,1.0,189
2018-01-21,1,0,1,12,6,1,1.0,3.9,-12.1,2.5,30,1.6,216
2018-01-21,1,0,1,13,6,1,1.0,4.9,-15.0,3.2,22,2.0,271
2018-01-21,1,0,1,14,6,1,1.0,5.4,-17.0,5.4,18,1.2,343
2018-01-21,1,0,1,15,6,1,1.0,5.4,-15.8,3.6,20,2.2,340
2018-01-21,1,0,1,16,6,1,1.0,4.7,-18.3,2.9,17,2.1,389
2018-01-21,1,0,1,17,6,1,1.0,3.8,-17.1,3.8,20,1.3,396
2018-01-21,1,0,1,18,6,1,1.0,2.5,-16.0,0.4,24,2.0,383
2018-01-21,1,0,1,19,6,1,,1.3,-16.6,1.3,25,1.3,295
2018-01-21,1,0,1,20,6,1,,0.3,-16.5,0.3,27,0.4,223
2018-01-21,1,0,1,21,6,1,,-0.1,-16.0,-0.1,29,0.5,258
2018-01-21,1,0,1,22,6,1,,-0.3,-15.0,-0.3,32,0.7,237
2018-01-21,1,0,1,23,6,1,,-0.4,-15.1,-0.4,32,0.6,207
2018-01-21,1,0,1,24,6,1,,-0.2,-15.7,-0.2,30,0.4,170
2018-01-22,1,0,1,1,0,1,,-0.2,-14.9,-0.2,32,0.7,171
2018-01-22,1,0,1,2,0,1,,-0.2,-14.5,-1.8,33,1.4,97
2018-01-22,1,0,1,3,0,1,,-0.3,-15.4,-0.3,31,0.3,73
2018-01-22,1,0,1,4,0,1,,0.0,-14.7,0.0,32,0.4,53
2018-01-22,1,0,1,5,0,1,,0.0,-14.7,0.0,32,0.7,31
2018-01-22,1,0,1,6,0,1,,0.0,-14.3,0.0,33,0.4,60
2018-01-22,1,0,1,7,0,1,,-0.4,-14.3,-0.4,34,1.0,165
2018-01-22,1,0,1,8,0,1,,-0.7,-15.3,-0.7,32,0.5,316
2018-01-22,1,0,1,9,0,1,,0.1,-14.3,0.1,33,0.8,683
2018-01-22,1,0,1,10,0,1,,1.1,-14.1,1.1,31,0.7,365
2018-01-22,1,0,1,11,0,1,,2.4,-14.7,2.4,27,0.9,221
2018-01-22,1,0,1,12,0,1,,3.9,-12.9,3.9,28,0.9,277
2018-01-22,1,0,1,13,0,1,,3.9,-10.9,3.9,33,0.6,323
2018-01-22,1,0,1,14,0,1,,3.3,-1.0,3.3,73,0.4,281
2018-01-22,1,0,1,15,0,1,,3.6,-1.5,1.9,69,1.8,249
2018-01-22,1,0,1,16,0,1,,2.0,0.0,-0.0,87,1.9,63
2018-01-22,1,0,1,17,0,1,,1.3,0.2,1.3,93,1.2,18
2018-01-22,1,0,1,18,0,1,,1.1,0.5,-2.2,96,3.0,43
2018-01-22,1,0,1,19,0,1,3.0,-0.1,-1.8,-3.8,88,3.2,170
2018-01-22,1,0,1,20,0,1,,-0.8,-3.0,-4.4,85,2.9,167
2018-01-22,1,0,1,21,0,1,,-1.8,-3.9,-5.6,85,2.9,181
2018-01-22,1,0,1,22,0,1,,-3.2,-6.0,-8.2,81,3.9,187
2018-01-22,1,0,1,23,0,1,,-4.2,-7.3,-8.5,79,2.9,170
2018-01-22,1,0,1,24,0,1,,-5.3,-8.7,-10.6,77,3.8,139
2018-01-23,1,0,1,1,1,1,,-6.0,-9.5,-10.8,76,3.1,96
2018-01-23,1,0,1,2,1,1,,-7.5,-12.9,-13.4,65,3.9,120
2018-01-23,1,0,1,3,1,1,1.0,-8.6,-13.4,-14.2,68,3.3,75
2018-01-23,1,0,1,4,1,1,1.0,-9.5,-18.2,-16.2,49,4.3,55
2018-01-23,1,0,1,5,1,1,1.0,-10.5,-19.9,-16.1,46,3.0,45
2018-01-23,1,0,1,6,1,1,1.0,-11.5,-20.5,-17.6,47,3.2,44
2018-01-23,1,0,1,7,1,1,1.0,-12.5,-23.0,-20.1,41,4.5,84
2018-01-23,1,0,1,8,1,1,1.0,-13.0,-23.5,-20.3,41,4.0,211
2018-01-23,1,0,1,9,1,1,1.0,-13.3,-25.2,-20.1,36,3.5,423
2018-01-23,1,0,1,10,1,1,1.0,-12.1,-24.8,-18.6,34,3.5,228
2018-01-23,1,0,1,11,1,1,1.0,-11.7,-26.9,-18.7,27,4.0,132
2018-01-23,1,0,1,12,1,1,1.0,-11.3,-26.6,-17.9,27,3.7,184
2018-01-23,1,0,1,13,1,1,1.0,-11.0,-26.3,-17.8,27,4.0,180
2018-01-23,1,0,1,14,1,1,1.0,-10.4,-24.6,-17.4,30,4.3,189
2018-01-23,1,0,1,15,1,1,1.0,-9.7,-23.3,-15.8,32,3.6,169
2018-01-23,1,0,1,16,1,1,1.0,-10.1,-23.0,-17.0,34,4.3,181
2018-01-23,1,0,1,17,1,1,1.0,-10.6,-22.2,-16.8,38,3.5,181
2018-01-23,1,0,1,18,1,1,1.0,-11.5,-21.6,-16.5,43,2.4,239
2018-01-23,1,0,1,19,1,1,,-12.0,-21.0,-18.2,47,3.2,351
2018-01-23,1,0,1,20,1,1,,-12.5,-20.3,-18.5,52,3.0,248
2018-01-23,1,0,1,21,1,1,1.0,-13.2,-21.6,-20.6,49,4.1,178
2018-01-23,1,0,1,22,1,1,,-13.9,-23.2,-21.4,45,4.0,145
2018-01-23,1,0,1,23,1,1,,-14.3,-25.5,-21.9,38,4.0,117
2018-01-23,1,0,1,24,1,1,1.0,-14.6,-27.0,-22.1,34,3.9,106
2018-01-24,1,0,1,1,2,1,,-15.0,-28.3,-20.8,31,2.5,90
2018-01-24,1,0,1,2,2,1,,-15.2,-28.2,-21.9,32,3.1,89
2018-01-24,1,0,1,3,2,1,1.0,-15.2,-28.9,-22.3,30,3.4,50
2018-01-24,1,0,1,4,2,1,1.0,-15.4,-29.1,-21.3,30,2.5,32
2018-01-24,1,0,1,5,2,1,1.0,-15.6,-29.6,-23.1,29,3.7,24
2018-01-24,1,0,1,6,2,1,1.0,-15.7,-29.7,-21.6,29,2.5,34
2018-01-24,1,0,1,7,2,1,1.0,-15.9,-29.5,-22.6,30,3.0,71
2018-01-24,1,0,1,8,2,1,1.0,-16.2,-29.8,-20.5,30,1.6,164
2018-01-24,1,0,1,9,2,1,1.0,-15.8,-30.5,-23.0,27,3.4,364
2018-01-24,1,0,1,10,2,1,1.0,-14.5,-30.6,-22.7,24,4.6,192
2018-01-24,1,0,1,11,2,1,1.0,-13.1,-29.0,-20.2,25,3.8,90
2018-01-24,1,0,1,12,2,1,1.0,-12.2,-27.8,-19.3,26,4.0,124
2018-01-24,1,0,1,13,2,1,1.0,-12.0,-28.0,-20.7,25,6.0,121
2018-01-24,1,0,1,14,2,1,1.0,-11.1,-26.8,-17.7,26,3.8,140
2018-01-24,1,0,1,15,2,1,1.0,-10.8,-25.4,-17.4,29,3.8,125
2018-01-24,1,0,1,16,2,1,1.0,-11.2,-25.3,-18.7,30,4.7,149
2018-01-24,1,0,1,17,2,1,1.0,-11.8,-27.4,-18.3,26,3.5,124
2018-01-24,1,0,1,18,2,1,1.0,-13.0,-27.3,-19.6,29,3.4,203
2018-01-24,1,0,1,19,2,1,,-13.8,-26.9,-18.9,32,2.2,297
2018-01-24,1,0,1,20,2,1,,-14.3,-25.8,-14.3,37,1.3,211
2018-01-24,1,0,1,21,2,1,1.0,-14.7,-25.3,-21.4,40,3.2,125
2018-01-24,1,0,1,22,2,1,,-15.2,-24.4,-23.0,45,4.0,132
2018-01-24,1,0,1,23,2,1,,-15.7,-25.4,-23.1,43,3.6,121
2018-01-24,1,0,1,24,2,1,1.0,-15.9,-25.6,-23.6,43,3.8,82
2018-01-25,1,0,1,1,3,1,,-16.1,-26.0,-21.6,42,2.2,78
2018-01-25,1,0,1,2,3,1,,-16.0,-25.9,-16.0,42,1.3,68
2018-01-25,1,0,1,3,3,1,,-16.0,-26.5,-20.9,40,1.9,60
2018-01-25,1,0,1,4,3,1,,-15.9,-27.2,-21.7,37,2.4,32
2018-01-25,1,0,1,5,3,1,,-15.8,-27.1,-22.1,37,2.7,22
2018-01-25,1,0,1,6,3,1,1.0,-16.1,-28.7,-22.9,33,3.0,34
2018-01-25,1,0,1,7,3,1,1.0,-16.2,-28.7,-21.7,33,2.2,71
2018-01-25,1,0,1,8,3,1,,-16.4,-29.2,-23.6,32,3.3,165
2018-01-25,1,0,1,9,3,1,,-16.2,-28.7,-22.8,33,2.9,349
2018-01-25,1,0,1,10,3,1,,-15.3,-27.9,-21.0,33,2.4,187
2018-01-25,1,0,1,11,3,1,,-13.8,-29.6,-20.7,25,3.5,105
2018-01-25,1,0,1,12,3,1,,-12.8,-28.7,-19.2,25,3.2,122
2018-01-25,1,0,1,13,3,1,,-11.4,-26.7,-18.2,27,3.9,142
2018-01-25,1,0,1,14,3,1,1.0,-10.4,-26.7,-15.1,25,2.3,130
2018-01-25,1,0,1,15,3,1,,-9.7,-24.8,-15.9,28,3.7,160
2018-01-25,1,0,1,16,3,1,,-9.6,-23.6,-14.6,31,2.6,130
2018-01-25,1,0,1,17,3,1,,-10.9,-24.4,-17.7,32,4.0,152
2018-01-25,1,0,1,18,3,1,,-11.8,-24.8,-18.8,33,4.0,170
2018-01-25,1,0,1,19,3,1,,-12.7,-25.6,-19.6,33,3.7,288
2018-01-25,1,0,1,20,3,1,,-13.5,-26.3,-18.9,33,2.4,178
2018-01-25,1,0,1,21,3,1,1.0,-14.1,-26.2,-19.3,35,2.2,141
2018-01-25,1,0,1,22,3,1,,-14.6,-26.7,-20.3,35,2.5,137
2018-01-25,1,0,1,23,3,1,,-14.9,-26.9,-21.1,35,2.8,113
2018-01-25,1,0,1,24,3,1,1.0,-15.1,-27.4,-19.5,34,1.7,79
2018-01-26,1,0,1,1,4,1,,-15.3,-27.6,-19.7,34,1.7,68
2018-01-26,1,0,1,2,4,1,,-15.6,-28.2,-21.0,33,2.2,93
2018-01-26,1,0,1,3,4,1,1.0,-15.9,-28.2,-22.5,34,2.9,54
2018-01-26,1,0,1,4,4,1,1.0,-16.4,-28.0,-20.5,36,1.5,41
2018-01-26,1,0,1,5,4,1,1.0,-16.9,-27.9,-22.7,38,2.3,24
2018-01-26,1,0,1,6,4,1,1.0,-17.4,-27.7,-21.9,40,1.6,36
2018-01-26,1,0,1,7,4,1,1.0,-17.5,-28.4,-25.1,38,3.4,64
2018-01-26,1,0,1,8,4,1,1.0,-17.8,-28.1,-24.1,40,2.5,142
2018-01-26,1,0,1,9,4,1,1.0,-17.5,-28.7,-25.6,37,3.8,322
2018-01-26,1,0,1,10,4,1,1.0,-16.5,-29.0,-23.9,33,3.4,149
2018-01-26,1,0,1,11,4,1,1.0,-15.6,-28.9,-22.7,31,3.3,96
2018-01-26,1,0,1,12,4,1,1.0,-14.4,-28.2,-20.4,30,2.7,93
2018-01-26,1,0,1,13,4,1,1.0,-13.3,-27.9,-19.1,28,2.7,111
2018-01-26,1,0,1,14,4,1,1.0,-12.1,-27.3,-17.4,27,2.5,115
2018-01-26,1,0,1,15,4,1,1.0,-11.4,-26.7,-17.6,27,3.3,116
2018-01-26,1,0,1,16,4,1,1.0,-10.8,-25.8,-16.1,28,2.7,140
2018-01-26,1,0,1,17,4,1,1.0,-11.5,-25.2,-17.7,31,3.3,147
2018-01-26,1,0,1,18,4,1,1.0,-12.7,-25.6,-18.1,33,2.5,196
2018-01-26,1,0,1,19,4,1,,-13.2,-26.1,-18.5,33,2.4,305
2018-01-26,1,0,1,20,4,1,,-13.7,-25.9,-17.8,35,1.7,171
2018-01-26,1,0,1,21,4,1,1.0,-14.1,-25.9,-18.5,36,1.8,121
2018-01-26,1,0,1,22,4,1,,-14.6,-25.2,-19.1,40,1.8,130
2018-01-26,1,0,1,23,4,1,,-14.4,-25.6,-20.4,38,2.7,108
2018-01-26,1,0,1,24,4,1,1.0,-15.0,-25.0,-15.0,42,1.2,89
2018-01-27,1,0,1,1,5,0,,-15.1,-24.9,-15.1,43,0.8,80
2018-01-27,1,0,1,2,5,0,,-15.3,-25.0,-15.3,43,0.6,94
2018-01-27,1,0,1,3,5,0,1.0,-15.3,-25.0,-15.3,43,0.8,75
2018-01-27,1,0,1,4,5,0,1.0,-15.3,-24.0,-15.3,47,0.8,41
2018-01-27,1,0,1,5,5,0,1.0,-15.4,-24.6,-15.4,45,0.8,36
2018-01-27,1,0,1,6,5,0,1.0,-15.3,-24.0,-15.3,47,0.7,25
2018-01-27,1,0,1,7,5,0,1.0,-15.7,-23.1,-15.7,53,1.3,33
2018-01-27,1,0,1,8,5,0,1.0,-15.9,-22.2,-15.9,58,0.9,57
2018-01-27,1,0,1,9,5,0,1.0,-15.1,-23.4,-15.1,49,1.1,84
2018-01-27,1,0,1,10,5,0,1.0,-12.3,-24.6,-12.3,35,0.6,105
2018-01-27,1,0,1,11,5,0,1.0,-9.6,-22.9,-9.6,33,1.1,96
2018-01-27,1,0,1,12,5,0,1.0,-7.7,-21.5,-12.2,32,2.5,125
2018-01-27,1,0,1,13,5,0,1.0,-6.6,-22.5,-10.3,27,2.1,145
2018-01-27,1,0,1,14,5,0,1.0,-4.1,-21.2,-7.3,25,2.0,189
2018-01-27,1,0,1,15,5,0,1.0,-3.7,-20.4,-7.1,26,2.2,193
2018-01-27,1,0,1,16,5,0,1.0,-3.7,-20.9,-7.5,25,2.6,192
2018-01-27,1,0,1,17,5,0,1.0,-4.6,-21.2,-7.7,26,1.9,195
2018-01-27,1,0,1,18,5,0,1.0,-6.6,-20.9,-11.4,31,3.0,207
2018-01-27,1,0,1,19,5,0,,-7.1,-20.6,-10.7,33,2.0,162
2018-01-27,1,0,1,20,5,0,,-7.6,-20.1,-10.8,36,1.7,122
2018-01-27,1,0,1,21,5,0,,-7.9,-20.7,-12.5,35,2.6,117
2018-01-27,1,0,1,22,5,0,,-7.8,-18.2,-12.0,43,2.3,103
2018-01-27,1,0,1,23,5,0,,-7.6,-18.3,-7.6,42,1.2,114
2018-01-27,1,0,1,24,5,0,,-7.5,-20.0,-11.7,36,2.3,103
2018-01-28,1,0,1,1,6,1,,-7.5,-17.4,-11.8,45,2.4,125
2018-01-28,1,0,1,2,6,1,,-7.8,-16.1,-11.4,51,1.9,103
2018-01-28,1,0,1,3,6,1,,-7.7,-16.5,-11.1,49,1.8,72
2018-01-28,1,0,1,4,6,1,,-7.6,-19.8,-10.6,37,1.6,67
2018-01-28,1,0,1,5,6,1,,-7.5,-21.0,-10.3,33,1.5,38
2018-01-28,1,0,1,6,6,1,,-7.8,-20.6,-11.4,35,1.9,21
2018-01-28,1,0,1,7,6,1,,-8.0,-19.5,-11.6,39,1.9,30
2018-01-28,1,0,1,8,6,1,,-8.1,-18.5,-11.4,43,1.7,42
2018-01-28,1,0,1,9,6,1,1.0,-7.8,-18.7,-11.2,41,1.8,72
2018-01-28,1,0,1,10,6,1,1.0,-5.9,-18.9,-9.2,35,1.9,104
2018-01-28,1,0,1,11,6,1,1.0,-4.6,-20.8,-8.6,27,2.6,111
2018-01-28,1,0,1,12,6,1,1.0,-3.5,-20.2,-7.2,26,2.5,145
2018-01-28,1,0,1,13,6,1,1.0,-2.4,-21.2,-5.9,22,2.5,189
2018-01-28,1,0,1,14,6,1,1.0,-1.5,-21.6,-5.3,20,3.0,206
2018-01-28,1,0,1,15,6,1,1.0,-1.9,-20.3,-6.9,23,4.3,225
2018-01-28,1,0,1,16,6,1,1.0,-2.1,-18.6,-6.9,27,4.0,217
2018-01-28,1,0,1,17,6,1,,-3.8,-18.1,-9.8,32,5.2,187
2018-01-28,1,0,1,18,6,1,,-4.9,-18.0,-10.1,35,3.7,178
2018-01-28,1,0,1,19,6,1,,-6.0,-20.4,-11.3,31,3.6,157
2018-01-28,1,0,1,20,6,1,,-7.0,-21.6,-11.7,30,2.8,134
2018-01-28,1,0,1,21,6,1,,-7.3,-20.5,-12.8,34,3.5,113
2018-01-28,1,0,1,22,6,1,,-7.9,-19.1,-12.4,40,2.5,106
2018-01-28,1,0,1,23,6,1,,-8.7,-19.3,-12.8,42,2.1,105
2018-01-28,1,0,1,24,6,1,1.0,-9.3,-19.0,-9.3,45,0.7,81
2018-01-29,1,0,1,1,0,1,,-9.8,-19.0,-9.8,47,1.3,80
2018-01-29,1,0,1,2,0,1,,-10.2,-19.3,-10.2,47,0.9,62
2018-01-29,1,0,1,3,0,1,1.0,-9.8,-20.0,-15.1,43,2.8,49
2018-01-29,1,0,1,4,0,1,1.0,-9.9,-19.6,-14.8,45,2.5,27
2018-01-29,1,0,1,5,0,1,1.0,-10.4,-19.5,-10.4,47,1.0,26
2018-01-29,1,0,1,6,0,1,1.0,-10.9,-21.0,-10.9,43,1.0,50
2018-01-29,1,0,1,7,0,1,1.0,-11.1,-22.9,-14.6,37,1.6,94
2018-01-29,1,0,1,8,0,1,1.0,-11.5,-23.0,-11.5,38,1.0,231
2018-01-29,1,0,1,9,0,1,1.0,-10.8,-23.6,-16.4,34,2.9,450
2018-01-29,1,0,1,10,0,1,1.0,-9.5,-24.6,-15.7,28,3.7,217
2018-01-29,1,0,1,11,0,1,1.0,-8.1,-25.1,-13.9,24,3.6,135
2018-01-29,1,0,1,12,0,1,1.0,-7.3,-24.9,-13.1,23,3.8,166
2018-01-29,1,0,1,13,0,1,1.0,-6.9,-24.6,-13.3,23,4.6,186
2018-01-29,1,0,1,14,0,1,1.0,-5.7,-23.5,-11.7,23,4.5,166
2018-01-29,1,0,1,15,0,1,1.0,-5.2,-21.3,-11.1,27,4.5,168
2018-01-29,1,0,1,16,0,1,1.0,-5.5,-21.1,-11.3,28,4.3,177
2018-01-29,1,0,1,17,0,1,1.0,-5.7,-20.5,-11.0,30,3.6,195
2018-01-29,1,0,1,18,0,1,1.0,-6.6,-19.8,-10.9,34,2.5,239
2018-01-29,1,0,1,19,0,1,,-7.1,-18.4,-12.3,40,3.2,438
2018-01-29,1,0,1,20,0,1,1.0,-7.4,-18.4,-13.2,41,3.8,282
2018-01-29,1,0,1,21,0,1,1.0,-7.7,-18.4,-12.7,42,2.9,197
2018-01-29,1,0,1,22,0,1,,-8.8,-19.9,-14.1,40,3.0,182
2018-01-29,1,0,1,23,0,1,,-9.4,-20.2,-12.7,41,1.6,172
2018-01-29,1,0,1,24,0,1,1.0,-10.0,-22.9,-10.0,34,1.1,99
2018-01-30,1,0,1,1,1,1,,-10.4,-22.3,-10.4,37,0.3,108
2018-01-30,1,0,1,2,1,1,,-10.6,-21.6,-10.6,40,1.0,129
2018-01-30,1,0,1,3,1,1,1.0,-10.7,-21.1,-13.8,42,1.4,84
2018-01-30,1,0,1,4,1,1,1.0,-11.1,-19.4,-11.1,50,1.2,54
2018-01-30,1,0,1,5,1,1,1.0,-11.3,-19.0,-14.9,53,1.6,33
2018-01-30,1,0,1,6,1,1,1.0,-11.2,-18.9,-11.2,53,0.9,47
2018-01-30,1,0,1,7,1,1,1.0,-11.3,-18.1,-11.3,57,0.9,94
2018-01-30,1,0,1,8,1,1,1.0,-11.1,-17.1,-11.1,61,0.7,214
2018-01-30,1,0,1,9,1,1,1.0,-9.9,-18.6,-9.9,49,0.8,491
2018-01-30,1,0,1,10,1,1,,-7.5,-18.2,-7.5,42,0.9,254
2018-01-30,1,0,1,11,1,1,,-4.5,-19.8,-4.5,29,1.3,170
2018-01-30,1,0,1,12,1,1,,-3.2,-17.5,-7.1,32,2.7,220
2018-01-30,1,0,1,13,1,1,,-1.3,-14.8,-4.0,35,2.0,253
2018-01-30,1,0,1,14,1,1,3.0,-1.1,-11.2,-3.9,46,2.1,225
2018-01-30,1,0,1,15,1,1,3.0,-1.6,-9.4,-4.9,55,2.5,238
2018-01-30,1,0,1,16,1,1,,-2.2,-5.8,-4.6,76,1.7,173
2018-01-30,1,0,1,17,1,1,,-2.4,-4.5,-2.4,85,0.3,94
2018-01-30,1,0,1,18,1,1,,-2.3,-3.5,-2.3,91,0.4,53
2018-01-30,1,0,1,19,1,1,,-1.7,-2.9,-1.7,91,1.1,100
2018-01-30,1,0,1,20,1,1,,-1.5,-2.7,-3.8,91,1.7,59
2018-01-30,1,0,1,21,1,1,,-1.6,-2.8,-1.6,91,1.3,72
2018-01-30,1,0,1,22,1,1,,-1.7,-3.8,-1.7,85,1.2,60
2018-01-30,1,0,1,23,1,1,,-1.7,-4.2,-1.7,83,1.0,73
2018-01-30,1,0,1,24,1,1,3.0,-1.7,-4.2,-1.7,83,0.8,62
2018-01-31,1,0,1,1,2,1,,-1.6,-4.4,-1.6,81,1.1,69
2018-01-31,1,0,1,2,2,1,,-1.6,-4.6,-3.4,80,1.4,96
2018-01-31,1,0,1,3,2,1,,-2.2,-4.7,-2.2,83,1.0,60
2018-01-31,1,0,1,4,2,1,,-2.4,-5.0,-4.5,82,1.5,47
2018-01-31,1,0,1,5,2,1,,-2.8,-5.2,-2.8,83,0.6,34
2018-01-31,1,0,1,6,2,1,,-3.1,-6.0,-3.1,80,0.7,34
2018-01-31,1,0,1,7,2,1,,-3.5,-5.9,-5.9,83,1.6,63
2018-01-31,1,0,1,8,2,1,,-3.6,-6.0,-6.2,83,1.7,124
2018-01-31,1,0,1,9,2,1,,-3.3,-6.7,-3.3,77,1.2,273
2018-01-31,1,0,1,10,2,1,,-2.3,-8.4,-4.7,63,1.7,137
2018-01-31,1,0,1,11,2,1,,-1.5,-11.6,-4.8,46,2.5,102
2018-01-31,1,0,1,12,2,1,,-1.0,-14.5,-4.4,35,2.7,144
2018-01-31,1,0,1,13,2,1,,-0.8,-13.0,-4.1,39,2.6,160
2018-01-31,1,0,1,14,2,1,,-0.7,-15.0,-4.1,33,2.7,171
2018-01-31,1,0,1,15,2,1,,-0.5,-15.9,-3.4,30,2.3,156
2018-01-31,1,0,1,16,2,1,,-0.1,-16.0,-2.0,29,1.6,214
2018-01-31,1,0,1,17,2,1,,-0.9,-14.8,-4.4,34,2.8,216
2018-01-31,1,0,1,18,2,1,,-1.8,-15.2,-4.7,35,2.1,279
2018-01-31,1,0,1,19,2,1,,-2.2,-15.2,-5.3,36,2.2,403
2018-01-31,1,0,1,20,2,1,,-2.6,-15.6,-6.7,36,3.1,270
2018-01-31,1,0,1,21,2,1,,-3.4,-15.0,-3.4,40,0.9,229
2018-01-31,1,0,1,22,2,1,,-4.2,-13.5,-4.2,48,1.0,229
2018-01-31,1,0,1,23,2,1,,-4.7,-12.8,-4.7,53,1.3,188
2018-01-31,1,0,1,24,2,1,1.0,-5.2,-12.6,-7.5,56,1.4,132
2018-02-01,1,0,2,1,3,1,,-5.4,-13.2,-8.3,54,1.7,122
2018-02-01,1,0,2,2,3,1,,-5.5,-13.5,-9.0,53,2.1,149
2018-02-01,1,0,2,3,3,1,1.0,-6.2,-13.3,-9.0,57,1.6,103
2018-02-01,1,0,2,4,3,1,1.0,-7.1,-14.4,-10.4,56,1.8,81
2018-02-01,1,0,2,5,3,1,1.0,-7.8,-13.2,-12.0,65,2.3,37
2018-02-01,1,0,2,6,3,1,1.0,-8.1,-14.7,-8.1,59,0.7,51
2018-02-01,1,0,2,7,3,1,1.0,-8.7,-14.2,-8.7,64,0.5,95
2018-02-01,1,0,2,8,3,1,1.0,-8.6,-15.1,-8.6,59,1.0,244
2018-02-01,1,0,2,9,3,1,1.0,-7.9,-16.5,-7.9,50,0.6,459
2018-02-01,1,0,2,10,3,1,1.0,-5.0,-16.2,-5.0,41,0.5,259
2018-02-01,1,0,2,11,3,1,1.0,-2.6,-16.6,-4.7,33,1.5,168
2018-02-01,1,0,2,12,3,1,1.0,-1.1,-16.1,-1.1,31,1.3,194
2018-02-01,1,0,2,13,3,1,1.0,0.3,-16.1,-3.2,28,3.1,240
2018-02-01,1,0,2,14,3,1,1.0,0.8,-18.0,-2.7,23,3.2,233
2018-02-01,1,0,2,15,3,1,1.0,0.7,-17.1,-2.7,25,3.0,256
2018-02-01,1,0,2,16,3,1,1.0,1.1,-16.3,-1.3,26,2.1,293
2018-02-01,1,0,2,17,3,1,1.0,0.3,-17.0,-2.6,26,2.4,268
2018-02-01,1,0,2,18,3,1,1.0,-1.0,-17.2,-3.5,28,1.9,341
2018-02-01,1,0,2,19,3,1,,-1.8,-16.3,-3.8,32,1.5,542
2018-02-01,1,0,2,20,3,1,,-2.4,-15.4,-2.4,36,1.0,344
2018-02-01,1,0,2,21,3,1,1.0,-3.2,-12.9,-5.9,47,1.8,263
2018-02-01,1,0,2,22,3,1,,-3.9,-12.3,-3.9,52,1.2,257
2018-02-01,1,0,2,23,3,1,,-4.5,-12.1,-4.5,55,0.4,235
2018-02-01,1,0,2,24,3,1,1.0,-4.9,-12.3,-4.9,56,1.1,143
2018-02-02,1,0,2,1,4,1,,-5.2,-12.6,-5.2,56,0.9,138
2018-02-02,1,0,2,2,4,1,,-5.7,-12.4,-5.7,59,0.3,159
2018-02-02,1,0,2,3,4,1,1.0,-6.3,-12.2,-6.3,63,0.9,102
2018-02-02,1,0,2,4,4,1,1.0,-6.7,-12.1,-6.7,65,1.1,65
2018-02-02,1,0,2,5,4,1,1.0,-6.8,-13.0,-6.8,61,0.2,47
2018-02-02,1,0,2,6,4,1,,-7.0,-13.0,-7.0,62,1.3,48
2018-02-02,1,0,2,7,4,1,,-7.4,-13.4,-10.2,62,1.5,115
2018-02-02,1,0,2,8,4,1,,-7.4,-14.2,-11.4,58,2.2,267
2018-02-02,1,0,2,9,4,1,,-6.5,-14.2,-6.5,54,1.2,558
2018-02-02,1,0,2,10,4,1,1.0,-4.1,-14.8,-4.1,43,1.2,280
2018-02-02,1,0,2,11,4,1,1.0,-1.4,-14.2,-1.4,37,1.0,187
2018-02-02,1,0,2,12,4,1,1.0,0.9,-12.1,-0.7,37,1.5,234
2018-02-02,1,0,2,13,4,1,1.0,1.6,-14.5,-0.8,29,2.2,303
2018-02-02,1,0,2,14,4,1,1.0,3.2,-14.5,1.0,26,2.2,294
2018-02-02,1,0,2,15,4,1,1.0,3.6,-14.1,1.3,26,2.4,293
2018-02-02,1,0,2,16,4,1,1.0,2.9,-14.7,-0.0,26,3.0,310
2018-02-02,1,0,2,17,4,1,1.0,2.0,-16.0,-0.5,25,2.3,330
2018-02-02,1,0,2,18,4,1,1.0,0.5,-12.5,-2.9,37,3.0,382
2018-02-02,1,0,2,19,4,1,,-0.5,-11.5,-3.6,43,2.5,592
2018-02-02,1,0,2,20,4,1,,-1.3,-10.1,-4.5,51,2.4,379
2018-02-02,1,0,2,21,4,1,1.0,-2.0,-8.5,-4.4,61,1.7,241
2018-02-02,1,0,2,22,4,1,,-2.4,-8.4,-2.4,63,1.3,225
2018-02-02,1,0,2,23,4,1,,-2.6,-7.5,-5.5,69,2.0,227
2018-02-02,1,0,2,24,4,1,,-2.5,-7.4,-5.6,69,2.2,178
2018-02-03,1,0,2,1,5,0,,-2.3,-6.8,-6.5,71,3.2,182
2018-02-03,1,0,2,2,5,0,,-3.4,-6.0,-8.6,82,4.2,184
2018-02-03,1,0,2,3,5,0,,-4.4,-7.3,-9.9,80,4.3,123
2018-02-03,1,0,2,4,5,0,,-5.6,-9.5,-11.2,74,4.0,60
2018-02-03,1,0,2,5,5,0,3.0,-6.3,-11.8,-12.0,65,3.9,35
2018-02-03,1,0,2,6,5,0,,-7.8,-14.8,-14.5,57,4.8,31
2018-02-03,1,0,2,7,5,0,1.0,-8.8,-15.5,-15.1,58,4.0,33
2018-02-03,1,0,2,8,5,0,1.0,-9.5,-16.6,-15.5,56,3.5,67
2018-02-03,1,0,2,9,5,0,1.0,-9.4,-18.6,-15.2,47,3.3,116
2018-02-03,1,0,2,10,5,0,1.0,-8.5,-18.8,-14.7,43,4.0,168
2018-02-03,1,0,2,11,5,0,1.0,-7.7,-18.7,-14.3,41,4.6,144
2018-02-03,1,0,2,12,5,0,1.0,-6.0,-18.0,-11.1,38,3.4,195
2018-02-03,1,0,2,13,5,0,1.0,-5.8,-17.8,-11.2,38,3.7,192
2018-02-03,1,0,2,14,5,0,1.0,-5.0,-19.5,-10.4,31,4.0,229
2018-02-03,1,0,2,15,5,0,1.0,-4.5,-19.1,-10.1,31,4.3,196
2018-02-03,1,0,2,16,5,0,1.0,-4.2,-18.8,-9.0,31,3.5,210
2018-02-03,1,0,2,17,5,0,1.0,-5.6,-19.7,-11.7,32,4.6,205
2018-02-03,1,0,2,18,5,0,1.0,-6.6,-19.2,-12.7,36,4.4,211
2018-02-03,1,0,2,19,5,0,,-7.6,-21.4,-14.3,32,4.8,175
2018-02-03,1,0,2,20,5,0,,-8.5,-22.6,-14.8,31,4.1,135
2018-02-03,1,0,2,21,5,0,1.0,-9.1,-20.8,-14.1,38,2.7,109
2018-02-03,1,0,2,22,5,0,,-9.7,-19.4,-15.2,45,3.0,107
2018-02-03,1,0,2,23,5,0,,-10.0,-18.9,-15.0,48,2.6,92
2018-02-03,1,0,2,24,5,0,1.0,-10.4,-19.0,-15.2,49,2.4,91
2018-02-04,1,0,2,1,6,1,,-10.5,-19.4,-16.3,48,3.1,98
2018-02-04,1,0,2,2,6,1,,-10.5,-19.1,-14.7,49,2.0,90
2018-02-04,1,0,2,3,6,1,1.0,-10.6,-19.7,-17.0,47,3.7,60
2018-02-04,1,0,2,4,6,1,1.0,-11.2,-20.3,-16.0,47,2.3,54
2018-02-04,1,0,2,5,6,1,1.0,-11.5,-19.6,-17.7,51,3.3,35
2018-02-04,1,0,2,6,6,1,1.0,-11.8,-19.2,-16.9,54,2.4,21
2018-02-04,1,0,2,7,6,1,1.0,-12.4,-19.8,-17.7,54,2.5,23
2018-02-04,1,0,2,8,6,1,1.0,-12.8,-19.7,-18.1,56,2.4,34
2018-02-04,1,0,2,9,6,1,1.0,-12.4,-20.4,-19.3,51,3.8,70
2018-02-04,1,0,2,10,6,1,1.0,-11.2,-21.3,-17.6,43,3.5,97
2018-02-04,1,0,2,11,6,1,1.0,-9.7,-21.6,-14.9,37,2.8,103
2018-02-04,1,0,2,12,6,1,1.0,-8.3,-22.1,-11.8,32,1.8,115
2018-02-04,1,0,2,13,6,1,1.0,-8.3,-21.4,-14.5,34,4.0,165
2018-02-04,1,0,2,14,6,1,1.0,-7.4,-20.9,-13.4,33,4.0,152
2018-02-04,1,0,2,15,6,1,1.0,-6.4,-21.1,-12.9,30,4.9,177
2018-02-04,1,0,2,16,6,1,1.0,-5.4,-20.6,-10.6,29,3.6,190
2018-02-04,1,0,2,17,6,1,1.0,-5.9,-21.9,-11.2,27,3.6,181
2018-02-04,1,0,2,18,6,1,1.0,-7.0,-23.3,-13.0,26,4.1,184
2018-02-04,1,0,2,19,6,1,,-7.7,-21.9,-13.1,31,3.3,154
2018-02-04,1,0,2,20,6,1,,-8.2,-23.5,-13.9,28,3.5,124
2018-02-04,1,0,2,21,6,1,1.0,-8.9,-21.6,-14.4,35,3.2,98
2018-02-04,1,0,2,22,6,1,,-9.7,-19.4,-9.7,45,1.3,107
2018-02-04,1,0,2,23,6,1,,-10.3,-19.2,-14.5,48,2.0,78
2018-02-04,1,0,2,24,6,1,1.0,-10.5,-18.4,-15.3,52,2.4,77
2018-02-05,1,0,2,1,0,1,,-11.2,-18.6,-11.2,54,1.0,82
2018-02-05,1,0,2,2,0,1,,-11.2,-18.4,-14.5,55,1.5,52
2018-02-05,1,0,2,3,0,1,1.0,-11.3,-18.7,-11.3,54,0.6,39
2018-02-05,1,0,2,4,0,1,1.0,-11.7,-19.8,-11.7,51,1.2,33
2018-02-05,1,0,2,5,0,1,1.0,-11.6,-21.1,-16.6,45,2.4,20
2018-02-05,1,0,2,6,0,1,1.0,-11.5,-22.4,-16.4,40,2.3,37
2018-02-05,1,0,2,7,0,1,1.0,-11.6,-21.4,-15.2,44,1.6,110
2018-02-05,1,0,2,8,0,1,1.0,-11.5,-22.4,-17.1,40,2.8,227
2018-02-05,1,0,2,9,0,1,1.0,-11.1,-22.6,-16.0,38,2.4,433
2018-02-05,1,0,2,10,0,1,1.0,-9.6,-23.2,-15.8,32,3.7,216
2018-02-05,1,0,2,11,0,1,1.0,-8.5,-24.2,-15.3,27,4.7,123
2018-02-05,1,0,2,12,0,1,1.0,-7.8,-23.1,-14.0,28,4.1,156
2018-02-05,1,0,2,13,0,1,1.0,-7.0,-23.7,-13.1,25,4.2,157
2018-02-05,1,0,2,14,0,1,1.0,-6.4,-23.7,-12.6,24,4.6,169
2018-02-05,1,0,2,15,0,1,1.0,-5.7,-22.6,-11.6,25,4.4,170
2018-02-05,1,0,2,16,0,1,1.0,-5.4,-22.3,-10.4,25,3.4,169
2018-02-05,1,0,2,17,0,1,1.0,-6.4,-21.9,-12.6,28,4.5,199
2018-02-05,1,0,2,18,0,1,1.0,-7.6,-22.6,-13.2,29,3.5,225
2018-02-05,1,0,2,19,0,1,,-8.3,-23.2,-14.6,29,4.1,388
2018-02-05,1,0,2,20,0,1,,-9.1,-21.7,-15.3,35,3.8,246
2018-02-05,1,0,2,21,0,1,1.0,-9.8,-20.6,-16.3,41,3.9,206
2018-02-05,1,0,2,22,0,1,,-10.3,-20.5,-16.7,43,3.7,177
2018-02-05,1,0,2,23,0,1,,-10.5,-19.6,-15.9,47,2.8,183
2018-02-05,1,0,2,24,0,1,1.0,-10.6,-19.7,-16.8,47,3.5,115
2018-02-06,1,0,2,1,1,1,,-10.9,-23.0,-17.0,36,3.3,126
2018-02-06,1,0,2,2,1,1,,-11.2,-23.3,-16.9,36,2.9,87
2018-02-06,1,0,2,3,1,1,1.0,-11.6,-24.0,-17.7,35,3.2,59
2018-02-06,1,0,2,4,1,1,1.0,-12.0,-24.0,-17.5,36,2.7,36
2018-02-06,1,0,2,5,1,1,1.0,-12.3,-24.0,-18.2,37,2.9,32
2018-02-06,1,0,2,6,1,1,1.0,-12.5,-23.3,-19.0,40,3.4,40
2018-02-06,1,0,2,7,1,1,1.0,-12.7,-23.2,-19.6,41,3.7,94
2018-02-06,1,0,2,8,1,1,1.0,-12.7,-23.2,-18.9,41,3.1,213
2018-02-06,1,0,2,9,1,1,1.0,-12.3,-23.4,-19.1,39,3.7,438
2018-02-06,1,0,2,10,1,1,1.0,-11.3,-23.7,-18.4,35,4.2,217
2018-02-06,1,0,2,11,1,1,1.0,-9.9,-23.5,-15.8,32,3.3,128
2018-02-06,1,0,2,12,1,1,1.0,-8.2,-22.3,-13.0,31,2.7,175
2018-02-06,1,0,2,13,1,1,1.0,-7.5,-22.9,-13.8,28,4.3,172
2018-02-06,1,0,2,14,1,1,1.0,-7.0,-23.3,-13.2,26,4.4,165
2018-02-06,1,0,2,15,1,1,1.0,-5.9,-22.8,-10.7,25,3.1,147
2018-02-06,1,0,2,16,1,1,1.0,-5.9,-23.2,-11.1,24,3.5,171
2018-02-06,1,0,2,17,1,1,1.0,-6.6,-21.7,-10.9,29,2.5,175
2018-02-06,1,0,2,18,1,1,,-7.6,-20.1,-13.0,36,3.3,227
2018-02-06,1,0,2,19,1,1,,-8.4,-20.5,-14.6,37,4.0,392
2018-02-06,1,0,2,20,1,1,,-9.6,-22.5,-14.6,34,2.6,251
2018-02-06,1,0,2,21,1,1,1.0,-10.6,-21.9,-16.4,39,3.1,193
2018-02-06,1,0,2,22,1,1,,-11.1,-21.2,-15.0,43,1.8,175
2018-02-06,1,0,2,23,1,1,,-11.8,-21.1,-11.8,46,1.1,169
2018-02-06,1,0,2,24,1,1,1.0,-12.3,-21.3,-12.3,47,0.4,106
2018-02-07,1,0,2,1,2,1,,-12.3,-21.3,-16.6,47,1.9,116
2018-02-07,1,0,2,2,2,1,,-12.5,-20.8,-12.5,50,1.0,96
2018-02-07,1,0,2,3,2,1,1.0,-12.5,-21.0,-16.0,49,1.5,83
2018-02-07,1,0,2,4,2,1,1.0,-13.1,-20.4,-13.1,54,0.7,51
2018-02-07,1,0,2,5,2,1,1.0,-13.0,-20.5,-13.0,53,0.7,34
2018-02-07,1,0,2,6,2,1,1.0,-13.2,-21.4,-13.2,50,0.5,45
2018-02-07,1,0,2,7,2,1,1.0,-13.2,-20.1,-13.2,56,0.9,92
2018-02-07,1,0,2,8,2,1,1.0,-13.3,-19.4,-13.3,60,0.6,214
2018-02-07,1,0,2,9,2,1,1.0,-12.0,-20.3,-12.0,50,1.3,469
2018-02-07,1,0,2,10,2,1,,-9.6,-21.0,-9.6,39,0.7,237
2018-02-07,1,0,2,11,2,1,,-7.0,-22.4,-12.2,28,3.3,155
2018-02-07,1,0,2,12,2,1,,-6.0,-23.3,-10.3,24,2.6,176
2018-02-07,1,0,2,13,2,1,,-4.5,-22.5,-8.5,23,2.6,188
2018-02-07,1,0,2,14,2,1,,-3.5,-23.2,-5.8,20,1.5,228
2018-02-07,1,0,2,15,2,1,1.0,-2.1,-22.1,-5.3,20,2.3,199
2018-02-07,1,0,2,16,2,1,1.0,-1.7,-22.9,-4.5,18,2.0,221
2018-02-07,1,0,2,17,2,1,1.0,-2.3,-22.2,-5.4,20,2.2,240
2018-02-07,1,0,2,18,2,1,1.0,-4.0,-20.2,-7.8,27,2.5,320
2018-02-07,1,0,2,19,2,1,,-5.2,-19.0,-9.3,33,2.6,448
2018-02-07,1,0,2,20,2,1,,-5.8,-16.1,-9.4,44,2.1,280
2018-02-07,1,0,2,21,2,1,1.0,-6.3,-15.5,-10.1,48,2.2,218
2018-02-07,1,0,2,22,2,1,,-6.8,-15.5,-9.9,50,1.7,223
2018-02-07,1,0,2,23,2,1,,-7.6,-16.2,-7.6,50,1.0,200
2018-02-07,1,0,2,24,2,1,1.0,-8.2,-16.8,-8.2,50,1.1,164
2018-02-08,1,0,2,1,3,1,,-8.5,-14.8,-8.5,60,1.2,136
2018-02-08,1,0,2,2,3,1,,-8.3,-13.7,-8.3,65,0.4,126
2018-02-08,1,0,2,3,3,1,1.0,-8.6,-14.1,-8.6,64,0.9,103
2018-02-08,1,0,2,4,3,1,1.0,-9.0,-16.6,-9.0,54,0.6,57
2018-02-08,1,0,2,5,3,1,1.0,-9.0,-16.1,-9.0,56,0.4,46
2018-02-08,1,0,2,6,3,1,1.0,-9.3,-15.4,-9.3,61,0.7,39
2018-02-08,1,0,2,7,3,1,1.0,-9.6,-14.5,-9.6,67,1.0,99
2018-02-08,1,0,2,8,3,1,1.0,-9.7,-15.0,-9.7,65,0.8,255
2018-02-08,1,0,2,9,3,1,1.0,-8.5,-15.9,-8.5,55,1.0,507
2018-02-08,1,0,2,10,3,1,1.0,-6.3,-16.0,-6.3,46,1.3,270
2018-02-08,1,0,2,11,3,1,1.0,-3.1,-15.1,-3.1,39,1.2,160
2018-02-08,1,0,2,12,3,1,1.0,-1.5,-15.0,-1.5,35,1.2,217
2018-02-08,1,0,2,13,3,1,1.0,0.3,-15.2,-1.3,30,1.4,253
2018-02-08,1,0,2,14,3,1,1.0,0.9,-16.9,-1.9,25,2.4,270
2018-02-08,1,0,2,15,3,1,1.0,1.4,-16.5,-1.1,25,2.2,253
2018-02-08,1,0,2,16,3,1,1.0,2.0,-16.0,-0.5,25,2.3,286
2018-02-08,1,0,2,17,3,1,1.0,1.5,-16.9,-0.6,24,1.9,284
2018-02-08,1,0,2,18,3,1,1.0,-0.5,-17.7,-2.6,26,1.7,337
2018-02-08,1,0,2,19,3,1,,-1.8,-15.3,-4.0,35,1.6,564
2018-02-08,1,0,2,20,3,1,,-2.8,-14.5,-5.0,40,1.5,378
2018-02-08,1,0,2,21,3,1,1.0,-3.3,-14.4,-3.3,42,1.1,277
2018-02-08,1,0,2,22,3,1,,-3.9,-15.2,-3.9,41,0.4,268
2018-02-08,1,0,2,23,3,1,,-4.3,-14.7,-4.3,44,0.7,233
2018-02-08,1,0,2,24,3,1,1.0,-4.6,-16.7,-4.6,38,0.1,195
2018-02-09,1,0,2,1,4,1,,-4.8,-15.2,-4.8,44,1.1,178
2018-02-09,1,0,2,2,4,1,,-5.1,-14.6,-5.1,47,0.9,159
2018-02-09,1,0,2,3,4,1,,-5.2,-14.5,-5.2,48,0.7,107
2018-02-09,1,0,2,4,4,1,,-4.4,-14.0,-4.4,47,0.9,78
2018-02-09,1,0,2,5,4,1,,-4.2,-14.6,-4.2,44,1.1,46
2018-02-09,1,0,2,6,4,1,,-4.0,-15.3,-4.0,41,0.8,36
2018-02-09,1,0,2,7,4,1,,-3.6,-14.6,-3.6,42,0.9,117
2018-02-09,1,0,2,8,4,1,,-3.3,-15.3,-3.3,39,0.9,273
2018-02-09,1,0,2,9,4,1,,-2.4,-15.4,-2.4,36,1.2,589
2018-02-09,1,0,2,10,4,1,,-1.3,-15.1,-1.3,34,0.5,308
2018-02-09,1,0,2,11,4,1,,-0.2,-15.3,-0.2,31,0.8,199
2018-02-09,1,0,2,12,4,1,,1.6,-14.9,1.6,28,0.5,238
2018-02-09,1,0,2,13,4,1,,2.6,-14.5,2.6,27,0.8,260
2018-02-09,1,0,2,14,4,1,,4.0,-14.3,4.0,25,0.9,268
2018-02-09,1,0,2,15,4,1,,5.0,-13.9,5.0,24,1.0,283
2018-02-09,1,0,2,16,4,1,,6.0,-11.1,4.8,28,1.7,315
2018-02-09,1,0,2,17,4,1,,4.8,-8.3,2.2,38,3.0,319
2018-02-09,1,0,2,18,4,1,,4.1,-8.3,2.2,40,2.1,422
2018-02-09,1,0,2,19,4,1,,3.3,-4.1,1.7,58,1.7,659
2018-02-09,1,0,2,20,4,1,,3.0,-3.8,1.1,61,1.9,407
2018-02-09,1,0,2,21,4,1,,2.9,-3.4,2.9,63,1.0,308
2018-02-09,1,0,2,22,4,1,,2.5,-3.2,2.5,66,1.1,243
2018-02-09,1,0,2,23,4,1,,2.0,-2.9,2.0,70,0.7,263
2018-02-09,1,0,2,24,4,1,,1.5,-3.1,1.5,71,1.1,193
2018-02-10,1,0,2,1,5,0,,1.7,-3.0,1.7,71,1.2,197
2018-02-10,1,0,2,2,5,0,,1.9,-2.8,0.4,71,1.5,237
2018-02-10,1,0,2,3,5,0,,2.0,-2.7,2.0,71,1.2,169
2018-02-10,1,0,2,4,5,0,,1.9,-2.2,1.9,74,1.2,145
2018-02-10,1,0,2,5,5,0,,1.8,-2.1,-0.4,75,2.0,79
2018-02-10,1,0,2,6,5,0,,1.6,-1.8,-0.1,78,1.6,41
2018-02-10,1,0,2,7,5,0,,1.6,-1.3,0.2,81,1.4,48
2018-02-10,1,0,2,8,5,0,,1.6,-1.1,1.6,82,1.3,97
2018-02-10,1,0,2,9,5,0,,1.6,-1.8,-0.6,78,2.0,188
2018-02-10,1,0,2,10,5,0,,1.8,-2.5,-1.2,73,2.8,222
2018-02-10,1,0,2,11,5,0,,2.6,-3.9,-0.3,62,2.9,223
2018-02-10,1,0,2,12,5,0,,2.9,-5.7,-1.1,53,4.7,235
2018-02-10,1,0,2,13,5,0,,2.8,-12.6,-0.9,31,4.0,248
2018-02-10,1,0,2,14,5,0,,2.2,-16.3,-1.9,24,4.5,296
2018-02-10,1,0,2,15,5,0,,2.0,-18.6,-1.9,20,4.1,286
2018-02-10,1,0,2,16,5,0,,0.3,-21.9,-4.5,17,4.9,277
2018-02-10,1,0,2,17,5,0,,-0.9,-21.6,-6.1,19,5.0,291
2018-02-10,1,0,2,18,5,0,,-2.0,-25.2,-7.8,15,5.6,277
2018-02-10,1,0,2,19,5,0,,-3.1,-26.9,-8.9,14,5.1,216
2018-02-10,1,0,2,20,5,0,,-4.4,-24.6,-10.9,19,5.8,151
2018-02-10,1,0,2,21,5,0,1.0,-5.6,-21.2,-11.3,28,4.1,132
2018-02-10,1,0,2,22,5,0,,-6.2,-20.2,-11.5,32,3.5,124
2018-02-10,1,0,2,23,5,0,,-6.7,-19.6,-10.4,35,2.1,128
2018-02-10,1,0,2,24,5,0,1.0,-6.9,-19.5,-10.7,36,2.1,118
2018-02-11,1,0,2,1,6,1,,-7.0,-18.9,-11.5,38,2.6,112
2018-02-11,1,0,2,2,6,1,,-7.0,-17.7,-9.9,42,1.6,95
2018-02-11,1,0,2,3,6,1,1.0,-7.2,-17.6,-10.9,43,2.0,93
2018-02-11,1,0,2,4,6,1,1.0,-7.5,-18.2,-11.8,42,2.4,58
2018-02-11,1,0,2,5,6,1,1.0,-7.8,-19.3,-12.7,39,2.8,34
2018-02-11,1,0,2,6,6,1,1.0,-8.4,-21.8,-11.1,33,1.4,19
2018-02-11,1,0,2,7,6,1,1.0,-9.2,-22.2,-13.2,34,2.0,39
2018-02-11,1,0,2,8,6,1,1.0,-9.4,-24.1,-13.3,29,1.9,40
2018-02-11,1,0,2,9,6,1,1.0,-8.6,-23.8,-11.6,28,1.5,81
2018-02-11,1,0,2,10,6,1,1.0,-6.9,-25.6,-12.2,21,3.4,126
2018-02-11,1,0,2,11,6,1,1.0,-5.0,-22.0,-9.7,25,3.2,130
2018-02-11,1,0,2,12,6,1,1.0,-3.9,-19.7,-8.1,28,2.9,155
2018-02-11,1,0,2,13,6,1,,-2.4,-18.4,-6.4,28,3.0,174
2018-02-11,1,0,2,14,6,1,,-2.2,-17.8,-7.1,29,4.1,212
2018-02-11,1,0,2,15,6,1,,-2.6,-17.4,-6.3,31,2.7,191
2018-02-11,1,0,2,16,6,1,,-3.6,-16.5,-9.0,36,4.4,181
2018-02-11,1,0,2,17,6,1,,-4.2,-13.8,-8.2,47,2.7,175
2018-02-11,1,0,2,18,6,1,,-4.6,-12.0,-9.6,56,3.6,198
2018-02-11,1,0,2,19,6,1,,-5.2,-10.5,-9.9,66,3.1,150
2018-02-11,1,0,2,20,6,1,,-5.7,-10.8,-9.9,67,2.6,147
2018-02-11,1,0,2,21,6,1,3.0,-5.6,-10.3,-9.3,69,2.2,127
2018-02-11,1,0,2,22,6,1,,-5.8,-12.9,-10.7,57,3.2,119
2018-02-11,1,0,2,23,6,1,,-7.0,-15.9,-12.3,49,3.4,103
2018-02-11,1,0,2,24,6,1,1.0,-7.7,-15.8,-13.0,52,3.2,91
2018-02-12,1,0,2,1,0,1,,-7.9,-16.0,-13.7,52,3.7,103
2018-02-12,1,0,2,2,0,1,,-8.3,-17.1,-13.1,49,2.7,69
2018-02-12,1,0,2,3,0,1,1.0,-8.5,-21.2,-13.4,35,2.7,45
2018-02-12,1,0,2,4,0,1,1.0,-8.6,-22.7,-14.4,31,3.5,21
2018-02-12,1,0,2,5,0,1,1.0,-9.2,-21.2,-9.2,37,1.1,33
2018-02-12,1,0,2,6,0,1,1.0,-9.5,-21.8,-12.6,36,1.5,30
2018-02-12,1,0,2,7,0,1,1.0,-9.5,-22.1,-9.5,35,1.1,109
2018-02-12,1,0,2,8,0,1,1.0,-9.1,-22.4,-13.2,33,2.1,236
2018-02-12,1,0,2,9,0,1,1.0,-8.4,-23.7,-12.6,28,2.2,517
2018-02-12,1,0,2,10,0,1,,-6.7,-24.4,-10.8,23,2.4,262
2018-02-12,1,0,2,11,0,1,,-6.1,-22.9,-10.6,25,2.8,161
2018-02-12,1,0,2,12,0,1,,-4.6,-18.8,-10.1,32,4.2,190
2018-02-12,1,0,2,13,0,1,1.0,-2.7,-18.3,-6.7,29,2.9,202
2018-02-12,1,0,2,14,0,1,1.0,-2.4,-17.6,-6.8,30,3.4,246
2018-02-12,1,0,2,15,0,1,,-2.1,-17.3,-6.8,30,3.9,182
2018-02-12,1,0,2,16,0,1,,-2.4,-16.5,-7.6,33,4.5,228
2018-02-12,1,0,2,17,0,1,1.0,-3.1,-16.0,-8.4,36,4.4,239
2018-02-12,1,0,2,18,0,1,1.0,-4.4,-14.3,-9.3,46,3.5,288
2018-02-12,1,0,2,19,0,1,,-4.9,-13.2,-8.2,52,2.0,475
2018-02-12,1,0,2,20,0,1,,-4.7,-12.3,-7.5,55,1.7,340
2018-02-12,1,0,2,21,0,1,3.0,-4.3,-11.1,-8.7,59,3.0,244
2018-02-12,1,0,2,22,0,1,3.0,-4.2,-11.4,-6.9,57,1.7,253
2018-02-12,1,0,2,23,0,1,,-4.4,-11.4,-8.1,58,2.4,200
2018-02-12,1,0,2,24,0,1,,-5.0,-11.5,-8.0,60,1.8,140
2018-02-13,1,0,2,1,1,1,,-5.5,-12.0,-5.5,60,1.3,158
2018-02-13,1,0,2,2,1,1,,-6.0,-12.9,-9.5,58,2.0,146
2018-02-13,1,0,2,3,1,1,1.0,-6.2,-12.5,-6.2,61,1.3,106
2018-02-13,1,0,2,4,1,1,1.0,-6.4,-12.4,-9.6,62,1.8,70
2018-02-13,1,0,2,5,1,1,1.0,-6.7,-12.3,-9.6,64,1.6,46
2018-02-13,1,0,2,6,1,1,1.0,-7.1,-11.6,-7.1,70,1.0,51
2018-02-13,1,0,2,7,1,1,1.0,-7.2,-11.7,-10.7,70,1.9,96
2018-02-13,1,0,2,8,1,1,1.0,-7.1,-12.0,-7.1,68,0.6,294
2018-02-13,1,0,2,9,1,1,1.0,-5.9,-14.1,-8.3,52,1.4,568
2018-02-13,1,0,2,10,1,1,1.0,-2.4,-13.8,-4.5,41,1.5,285
2018-02-13,1,0,2,11,1,1,1.0,-0.3,-12.2,-4.2,40,3.4,200
2018-02-13,1,0,2,12,1,1,1.0,1.0,-10.8,-2.6,41,3.3,252
2018-02-13,1,0,2,13,1,1,1.0,2.6,-9.6,-0.8,40,3.5,281
2018-02-13,1,0,2,14,1,1,,3.7,-9.0,0.4,39,3.8,256
2018-02-13,1,0,2,15,1,1,,3.7,-8.6,-0.5,40,5.3,300
2018-02-13,1,0,2,16,1,1,,3.9,-8.1,0.5,41,4.0,295
2018-02-13,1,0,2,17,1,1,,3.5,-7.0,0.6,46,3.1,328
2018-02-13,1,0,2,18,1,1,,3.1,-6.3,-0.3,50,3.7,410
2018-02-13,1,0,2,19,1,1,,2.4,-5.2,-0.8,57,3.2,604
2018-02-13,1,0,2,20,1,1,,2.3,-4.9,-1.3,59,3.8,406
2018-02-13,1,0,2,21,1,1,,2.6,-5.0,-1.0,57,3.8,323
2018-02-13,1,0,2,22,1,1,,2.6,-5.0,-0.5,57,3.1,290
2018-02-13,1,0,2,23,1,1,,2.4,-4.8,-0.8,59,3.2,291
2018-02-13,1,0,2,24,1,1,1.0,2.0,-3.9,-0.4,65,2.2,211
2018-02-14,1,0,2,1,2,1,,1.3,-4.1,1.3,67,1.2,178
2018-02-14,1,0,2,2,2,1,1.0,1.2,-4.8,1.2,64,0.9,213
2018-02-14,1,0,2,3,2,1,1.0,1.1,-4.7,1.1,65,1.0,129
2018-02-14,1,0,2,4,2,1,1.0,1.1,-4.3,-0.8,67,1.7,101
2018-02-14,1,0,2,5,2,1,1.0,1.0,-4.2,1.0,68,0.6,51
2018-02-14,1,0,2,6,2,1,,1.1,-4.5,1.1,66,0.9,56
2018-02-14,1,0,2,7,2,1,,1.3,-4.3,1.3,66,1.1,108
2018-02-14,1,0,2,8,2,1,,2.1,-3.8,2.1,65,1.1,292
2018-02-14,1,0,2,9,2,1,,3.9,-2.3,1.2,64,2.9,606
2018-02-14,1,0,2,10,2,1,,5.2,-0.8,2.1,65,3.9,326
2018-02-14,1,0,2,11,2,1,,6.3,0.6,3.7,67,3.5,241
2018-02-14,1,0,2,12,2,1,,6.9,1.1,4.2,67,3.9,288
2018-02-14,1,0,2,13,2,1,,7.2,1.0,4.7,65,3.8,312
2018-02-14,1,0,2,14,2,1,,7.8,-0.2,5.6,57,3.5,349
2018-02-14,1,0,2,15,2,1,,8.7,-1.7,6.3,48,4.1,398
2018-02-14,1,0,2,16,2,1,,8.0,-6.1,5.8,36,3.5,461
2018-02-14,1,0,2,17,2,1,,6.6,-8.1,4.6,34,2.8,447
2018-02-14,1,0,2,18,2,1,,5.1,-9.5,3.2,34,2.3,484
2018-02-14,1,0,2,19,2,1,,3.9,-9.4,2.8,37,1.4,559
2018-02-14,1,0,2,20,2,1,,2.8,-13.5,0.0,29,2.8,316
2018-02-14,1,0,2,21,2,1,,1.7,-15.3,-1.6,27,3.1,262
2018-02-14,1,0,2,22,2,1,,0.3,-14.1,-3.9,33,4.0,216
2018-02-14,1,0,2,23,2,1,,-0.3,-13.9,-2.9,35,2.1,218
2018-02-14,1,0,2,24,2,1,,-0.7,-13.6,-4.8,37,3.5,160
2018-02-15,1,0,2,1,3,1,,-1.1,-13.6,-4.7,38,2.8,126
2018-02-15,1,0,2,2,3,1,,-1.2,-14.7,-4.1,35,2.2,123
2018-02-15,1,0,2,3,3,1,,-1.4,-15.2,-4.2,34,2.1,112
2018-02-15,1,0,2,4,3,1,,-1.9,-15.7,-5.8,34,3.0,74
2018-02-15,1,0,2,5,3,1,,-2.4,-16.5,-6.5,33,3.1,58
2018-02-15,1,0,2,6,3,1,1.0,-2.6,-15.0,-2.6,38,1.0,32
2018-02-15,1,0,2,7,3,1,1.0,-3.0,-14.7,-3.0,40,0.9,39
2018-02-15,1,0,2,8,3,1,1.0,-3.0,-15.4,-3.0,38,1.0,55
2018-02-15,1,0,2,9,3,1,1.0,-3.5,-18.6,-5.8,30,1.5,112
2018-02-15,1,0,2,10,3,1,1.0,-1.6,-18.6,-4.2,26,1.9,112
2018-02-15,1,0,2,11,3,1,,0.1,-19.1,-2.4,22,2.0,127
2018-02-15,1,0,2,12,3,1,,1.7,-18.9,-1.5,20,3.0,170
2018-02-15,1,0,2,13,3,1,,2.2,-19.7,-1.2,18,3.4,174
2018-02-15,1,0,2,14,3,1,,2.9,-22.0,-0.9,14,4.3,240
2018-02-15,1,0,2,15,3,1,,3.8,-19.0,0.9,17,3.2,270
2018-02-15,1,0,2,16,3,1,,3.2,-20.2,0.3,16,3.0,276
2018-02-15,1,0,2,17,3,1,,2.4,-20.2,-0.7,17,3.1,273
2018-02-15,1,0,2,18,3,1,,1.1,-20.6,-1.7,18,2.5,236
2018-02-15,1,0,2,19,3,1,,0.1,-19.7,-3.3,21,2.9,190
2018-02-15,1,0,2,20,3,1,,-0.4,-17.1,-3.2,27,2.2,166
2018-02-15,1,0,2,21,3,1,1.0,-1.1,-15.7,-4.2,32,2.4,148
2018-02-15,1,0,2,22,3,1,,-1.9,-17.2,-1.9,30,0.8,134
2018-02-15,1,0,2,23,3,1,,-2.5,-17.3,-4.4,31,1.4,145
2018-02-15,1,0,2,24,3,1,1.0,-3.3,-16.6,-6.0,35,1.8,92
2018-02-16,1,0,2,1,4,1,,-3.6,-16.8,-6.7,35,2.0,105
2018-02-16,1,0,2,2,4,1,,-4.1,-16.3,-4.1,38,1.2,77
2018-02-16,1,0,2,3,4,1,1.0,-4.4,-16.9,-7.1,37,1.7,47
2018-02-16,1,0,2,4,4,1,,-4.5,-15.5,-6.7,42,1.4,36
2018-02-16,1,0,2,5,4,1,,-5.0,-15.3,-5.0,44,0.9,35
2018-02-16,1,0,2,6,4,1,1.0,-5.2,-16.1,-5.2,42,0.7,28
2018-02-16,1,0,2,7,4,1,,-5.4,-16.6,-5.4,41,0.3,30
2018-02-16,1,0,2,8,4,1,,-5.4,-17.5,-5.4,38,0.7,49
2018-02-16,1,0,2,9,4,1,,-4.3,-18.2,-4.3,33,0.7,68
2018-02-16,1,0,2,10,4,1,,-1.3,-15.9,-3.3,32,1.5,48
2018-02-16,1,0,2,11,4,1,,1.0,-16.8,-0.5,25,1.4,78
2018-02-16,1,0,2,12,4,1,,2.2,-19.1,0.9,19,1.4,93
2018-02-16,1,0,2,13,4,1,,3.5,-19.3,0.5,17,3.2,137
2018-02-16,1,0,2,14,4,1,,4.2,-18.0,1.3,18,3.3,169
2018-02-16,1,0,2,15,4,1,,4.0,-13.8,0.9,26,3.5,196
2018-02-16,1,0,2,16,4,1,,3.3,-9.6,-0.1,38,3.8,243
2018-02-16,1,0,2,17,4,1,1.0,2.5,-7.4,-1.4,48,4.2,189
2018-02-16,1,0,2,18,4,1,1.0,1.4,-6.4,-2.0,56,3.2,210
2018-02-16,1,0,2,19,4,1,,0.6,-6.5,-2.1,59,2.3,165
2018-02-16,1,0,2,20,4,1,,0.2,-6.4,-2.1,61,1.9,126
2018-02-16,1,0,2,21,4,1,,0.1,-5.3,-2.9,67,2.5,150
2018-02-16,1,0,2,22,4,1,,-0.6,-5.4,-4.6,70,3.4,114
2018-02-16,1,0,2,23,4,1,,-2.0,-10.8,-6.1,51,3.2,116
2018-02-16,1,0,2,24,4,1,1.0,-2.7,-14.1,-7.0,41,3.2,84
2018-02-17,1,0,2,1,5,0,,-3.1,-16.0,-7.7,36,3.5,79
2018-02-17,1,0,2,2,5,0,,-3.8,-18.8,-8.9,30,3.9,71
2018-02-17,1,0,2,3,5,0,1.0,-4.5,-20.3,-8.9,28,3.0,56
2018-02-17,1,0,2,4,5,0,1.0,-5.2,-20.9,-9.2,28,2.5,34
2018-02-17,1,0,2,5,5,0,1.0,-5.7,-20.1,-9.5,31,2.3,20
2018-02-17,1,0,2,6,5,0,1.0,-6.2,-20.2,-10.4,32,2.5,14
2018-02-17,1,0,2,7,5,0,1.0,-6.8,-20.7,-9.7,32,1.6,39
2018-02-17,1,0,2,8,5,0,1.0,-7.1,-21.7,-10.2,30,1.7,35
2018-02-17,1,0,2,9,5,0,1.0,-6.5,-22.8,-10.6,26,2.4,80
2018-02-17,1,0,2,10,5,0,1.0,-4.3,-23.4,-6.5,21,1.4,98
2018-02-17,1,0,2,11,5,0,1.0,-2.8,-23.2,-6.5,19,2.6,103
2018-02-17,1,0,2,12,5,0,1.0,-1.3,-23.2,-3.3,17,1.5,155
2018-02-17,1,0,2,13,5,0,1.0,-0.4,-23.9,-3.4,15,2.4,183
2018-02-17,1,0,2,14,5,0,1.0,-0.1,-23.7,-4.4,15,4.0,193
2018-02-17,1,0,2,15,5,0,1.0,1.0,-23.5,-3.5,14,4.6,258
2018-02-17,1,0,2,16,5,0,1.0,1.3,-22.5,-2.8,15,4.2,273
2018-02-17,1,0,2,17,5,0,,0.6,-21.7,-3.0,17,3.3,267
2018-02-17,1,0,2,18,5,0,,-0.3,-22.4,-2.7,17,1.9,250
2018-02-17,1,0,2,19,5,0,,-1.5,-16.0,-4.8,32,2.5,223
2018-02-17,1,0,2,20,5,0,,-2.1,-14.5,-4.9,38,2.0,169
2018-02-17,1,0,2,21,5,0,,-2.3,-14.7,-5.5,38,2.3,145
2018-02-17,1,0,2,22,5,0,,-2.7,-13.8,-5.9,42,2.2,133
2018-02-17,1,0,2,23,5,0,,-2.9,-17.7,-7.7,31,3.8,123
2018-02-17,1,0,2,24,5,0,,-3.6,-17.5,-6.2,33,1.7,117
2018-02-18,1,0,2,1,6,1,,-4.4,-18.2,-6.6,33,1.4,99
2018-02-18,1,0,2,2,6,1,,-4.7,-18.5,-4.7,33,0.1,103
2018-02-18,1,0,2,3,6,1,,-4.5,-21.1,-4.5,26,0.0,86
2018-02-18,1,0,2,4,6,1,,-4.1,-20.3,-4.1,27,0.6,56
2018-02-18,1,0,2,5,6,1,,-4.0,-19.8,-4.0,28,0.5,37
2018-02-18,1,0,2,6,6,1,,-4.1,-19.1,-4.1,30,1.1,22
2018-02-18,1,0,2,7,6,1,,-4.6,-19.2,-4.6,31,1.2,38
2018-02-18,1,0,2,8,6,1,,-4.8,-19.3,-4.8,31,0.8,52
2018-02-18,1,0,2,9,6,1,,-4.1,-19.1,-4.1,30,0.5,92
2018-02-18,1,0,2,10,6,1,,-1.8,-20.2,-1.8,23,0.6,137
2018-02-18,1,0,2,11,6,1,,0.0,-20.3,0.0,20,0.8,156
2018-02-18,1,0,2,12,6,1,,2.2,-20.4,2.2,17,1.0,183
2018-02-18,1,0,2,13,6,1,,3.7,-19.1,2.6,17,1.4,263
2018-02-18,1,0,2,14,6,1,,4.1,-18.8,2.5,17,1.8,337
2018-02-18,1,0,2,15,6,1,,5.0,-18.8,3.4,16,2.0,372
2018-02-18,1,0,2,16,6,1,,5.1,-18.7,3.7,16,1.8,440
2018-02-18,1,0,2,17,6,1,,4.2,-18.7,1.9,17,2.5,404
2018-02-18,1,0,2,18,6,1,,2.8,-15.3,-0.2,25,3.0,354
2018-02-18,1,0,2,19,6,1,,1.5,-14.2,-1.4,30,2.6,310
2018-02-18,1,0,2,20,6,1,,0.6,-13.8,-1.6,33,1.9,238
2018-02-18,1,0,2,21,6,1,,0.2,-14.5,0.2,32,1.1,213
2018-02-18,1,0,2,22,6,1,,-0.3,-14.2,-2.3,34,1.6,226
2018-02-18,1,0,2,23,6,1,,-0.7,-13.6,-0.7,37,0.9,191
2018-02-18,1,0,2,24,6,1,,-1.1,-13.3,-3.3,39,1.7,153
2018-02-19,1,0,2,1,0,1,,-1.4,-12.6,-1.4,42,1.1,148
2018-02-19,1,0,2,2,0,1,,-1.4,-12.9,-1.4,41,1.1,101
2018-02-19,1,0,2,3,0,1,,-1.4,-12.9,-3.5,41,1.6,59
2018-02-19,1,0,2,4,0,1,,-1.9,-12.5,-1.9,44,0.7,42
2018-02-19,1,0,2,5,0,1,,-1.8,-12.4,-1.8,44,0.5,50
2018-02-19,1,0,2,6,0,1,,-1.4,-11.5,-1.4,46,0.3,59
2018-02-19,1,0,2,7,0,1,,-0.9,-11.3,-0.9,45,0.9,139
2018-02-19,1,0,2,8,0,1,,-1.2,-10.0,-1.2,51,0.8,349
2018-02-19,1,0,2,9,0,1,,-0.6,-11.6,-0.6,43,0.5,646
2018-02-19,1,0,2,10,0,1,1.0,2.6,-8.1,2.6,45,1.2,347
2018-02-19,1,0,2,11,0,1,,4.3,-6.9,2.2,44,2.3,235
2018-02-19,1,0,2,12,0,1,,4.7,-6.8,2.9,43,2.1,314
2018-02-19,1,0,2,13,0,1,,5.1,-7.0,3.7,41,1.8,361
2018-02-19,1,0,2,14,0,1,,5.6,-7.6,4.5,38,1.6,332
2018-02-19,1,0,2,15,0,1,,6.3,-8.0,4.3,35,2.6,373
2018-02-19,1,0,2,16,0,1,,6.3,-8.0,4.1,35,2.9,392
2018-02-19,1,0,2,17,0,1,,5.7,-8.2,3.3,36,3.0,403
2018-02-19,1,0,2,18,0,1,,4.7,-6.8,2.6,43,2.4,522
2018-02-19,1,0,2,19,0,1,,3.6,-4.6,2.2,55,1.6,819
2018-02-19,1,0,2,20,0,1,,2.4,-4.5,0.4,60,1.9,533
2018-02-19,1,0,2,21,0,1,,1.8,-4.5,1.8,63,1.2,417
2018-02-19,1,0,2,22,0,1,,1.0,-4.0,1.0,69,0.7,388
2018-02-19,1,0,2,23,0,1,,0.5,-3.7,-1.2,73,1.5,357
2018-02-19,1,0,2,24,0,1,,0.0,-3.9,-2.8,75,2.3,218
2018-02-20,1,0,2,1,1,1,,-0.5,-4.2,-2.5,76,1.6,177
2018-02-20,1,0,2,2,1,1,,-0.8,-4.5,-0.8,76,0.8,172
2018-02-20,1,0,2,3,1,1,,-1.3,-4.3,-1.3,80,0.7,115
2018-02-20,1,0,2,4,1,1,,-1.6,-4.1,-1.6,83,0.6,63
2018-02-20,1,0,2,5,1,1,,-1.8,-4.4,-1.8,82,1.3,64
2018-02-20,1,0,2,6,1,1,,-2.1,-4.7,-4.6,82,1.8,79
2018-02-20,1,0,2,7,1,1,,-2.2,-5.8,-4.9,76,1.9,164
2018-02-20,1,0,2,8,1,1,,-2.1,-6.6,-4.5,71,1.7,404
2018-02-20,1,0,2,9,1,1,,-1.4,-9.0,-3.2,56,1.4,727
2018-02-20,1,0,2,10,1,1,1.0,1.1,-11.6,-2.3,38,3.1,384
2018-02-20,1,0,2,11,1,1,1.0,2.8,-11.1,-0.8,35,3.9,265
2018-02-20,1,0,2,12,1,1,,4.0,-15.3,0.9,23,3.5,322
2018-02-20,1,0,2,13,1,1,,4.2,-15.6,0.9,22,3.9,356
2018-02-20,1,0,2,14,1,1,,5.0,-16.1,2.0,20,3.7,370
2018-02-20,1,0,2,15,1,1,,5.4,-17.0,2.5,18,3.7,335
2018-02-20,1,0,2,16,1,1,,5.1,-18.0,2.3,17,3.4,431
2018-02-20,1,0,2,17,1,1,,3.9,-17.6,0.7,19,3.6,393
2018-02-20,1,0,2,18,1,1,,3.2,-17.6,0.4,20,2.9,514
2018-02-20,1,0,2,19,1,1,,2.5,-17.6,0.2,21,2.2,764
2018-02-20,1,0,2,20,1,1,,1.8,-19.4,-1.4,19,3.1,522
2018-02-20,1,0,2,21,1,1,,1.1,-18.8,-0.7,21,1.6,358
2018-02-20,1,0,2,22,1,1,,0.5,-18.8,-2.8,22,2.9,415
2018-02-20,1,0,2,23,1,1,,-0.5,-17.7,-4.4,26,3.3,319
2018-02-20,1,0,2,24,1,1,,-1.4,-17.6,-5.6,28,3.4,242
2018-02-21,1,0,2,1,2,1,,-2.2,-17.0,-2.2,31,1.1,171
2018-02-21,1,0,2,2,2,1,,-2.9,-17.7,-5.3,31,1.6,162
2018-02-21,1,0,2,3,2,1,1.0,-3.4,-17.7,-3.4,32,0.9,105
2018-02-21,1,0,2,4,2,1,1.0,-3.8,-18.1,-3.8,32,1.1,59
2018-02-21,1,0,2,5,2,1,1.0,-4.0,-17.2,-6.8,35,1.8,50
2018-02-21,1,0,2,6,2,1,1.0,-4.0,-17.5,-8.7,34,3.4,63
2018-02-21,1,0,2,7,2,1,1.0,-4.1,-17.3,-8.9,35,3.5,159
2018-02-21,1,0,2,8,2,1,,-4.3,-17.1,-7.3,36,1.9,385
2018-02-21,1,0,2,9,2,1,1.0,-3.8,-19.6,-6.4,28,1.7,718
2018-02-21,1,0,2,10,2,1,,-1.8,-19.2,-5.3,25,2.6,373
2018-02-21,1,0,2,11,2,1,,0.2,-19.0,-2.5,22,2.2,244
2018-02-21,1,0,2,12,2,1,,2.2,-20.4,0.1,17,2.0,276
2018-02-21,1,0,2,13,2,1,,2.9,-22.0,-0.3,14,3.3,351
2018-02-21,1,0,2,14,2,1,1.0,3.3,-21.7,0.5,14,2.9,299
2018-02-21,1,0,2,15,2,1,,4.2,-20.2,1.8,15,2.7,365
2018-02-21,1,0,2,16,2,1,,3.7,-21.4,0.3,14,3.9,366
2018-02-21,1,0,2,17,2,1,1.0,3.1,-21.9,-0.3,14,3.7,409
2018-02-21,1,0,2,18,2,1,1.0,1.8,-21.4,-1.7,16,3.4,469
2018-02-21,1,0,2,19,2,1,,-0.1,-12.4,-3.5,39,2.8,784
2018-02-21,1,0,2,20,2,1,,-1.1,-12.1,-3.0,43,1.5,460
2018-02-21,1,0,2,21,2,1,1.0,-1.6,-10.1,-4.6,52,2.2,356
2018-02-21,1,0,2,22,2,1,,-2.2,-10.0,-4.1,55,1.4,345
2018-02-21,1,0,2,23,2,1,,-2.7,-9.8,-2.7,58,1.1,299
2018-02-21,1,0,2,24,2,1,1.0,-2.7,-9.8,-5.2,58,1.7,223
2018-02-22,1,0,2,1,3,1,,-2.2,-9.3,-2.2,58,1.0,195
2018-02-22,1,0,2,2,3,1,,-2.9,-10.2,-2.9,57,0.0,190
2018-02-22,1,0,2,3,3,1,,-2.8,-10.1,-2.8,57,0.5,116
2018-02-22,1,0,2,4,3,1,,-2.4,-9.5,-2.4,58,0.3,71
2018-02-22,1,0,2,5,3,1,,-2.4,-9.3,-2.4,59,1.1,66
2018-02-22,1,0,2,6,3,1,1.0,-3.0,-9.2,-3.0,62,0.8,75
2018-02-22,1,0,2,7,3,1,1.0,-3.7,-9.5,-3.7,64,0.7,151
2018-02-22,1,0,2,8,3,1,1.0,-3.6,-9.6,-3.6,63,0.9,373
2018-02-22,1,0,2,9,3,1,1.0,-1.9,-10.7,-1.9,51,0.9,783
2018-02-22,1,0,2,10,3,1,1.0,0.9,-10.0,0.9,44,1.1,383
2018-02-22,1,0,2,11,3,1,,2.7,-8.3,2.7,44,0.9,259
2018-02-22,1,0,2,12,3,1,,4.8,-5.5,2.6,47,2.6,308
2018-02-22,1,0,2,13,3,1,,4.5,-4.7,1.3,51,3.8,352
2018-02-22,1,0,2,14,3,1,,4.8,-4.7,1.4,50,4.3,316
2018-02-22,1,0,2,15,3,1,,5.0,-4.8,1.6,49,4.4,331
2018-02-22,1,0,2,16,3,1,,5.0,-4.5,1.7,50,4.3,356
2018-02-22,1,0,2,17,3,1,,4.6,-4.4,1.4,52,3.9,404
2018-02-22,1,0,2,18,3,1,,3.9,-4.0,0.5,56,4.0,465
2018-02-22,1,0,2,19,3,1,,3.5,-3.5,0.9,60,2.7,730
2018-02-22,1,0,2,20,3,1,,3.0,-3.5,0.6,62,2.4,499
2018-02-22,1,0,2,21,3,1,,2.9,-3.2,0.4,64,2.5,348
2018-02-22,1,0,2,22,3,1,,2.9,-3.0,0.6,65,2.3,393
2018-02-22,1,0,2,23,3,1,,2.9,-3.4,0.3,63,2.6,346
2018-02-22,1,0,2,24,3,1,,1.7,-0.3,-1.2,86,2.7,202
2018-02-23,1,0,2,1,4,1,,0.6,0.0,-1.9,96,2.1,42
2018-02-23,1,0,2,2,4,1,,0.7,0.2,-0.8,97,1.4,55
2018-02-23,1,0,2,3,4,1,,0.9,0.4,0.9,97,1.2,62
2018-02-23,1,0,2,4,4,1,,1.1,0.5,-1.7,96,2.5,32
2018-02-23,1,0,2,5,4,1,,1.0,-0.3,1.0,91,0.7,36
2018-02-23,1,0,2,6,4,1,,0.4,-0.3,0.4,95,0.3,39
2018-02-23,1,0,2,7,4,1,,-0.1,-0.5,-0.1,97,0.5,63
2018-02-23,1,0,2,8,4,1,,-0.2,-0.6,-0.2,97,0.4,174
2018-02-23,1,0,2,9,4,1,,0.5,-0.3,0.5,94,0.6,391
2018-02-23,1,0,2,10,4,1,,2.2,-0.3,2.2,83,0.8,214
2018-02-23,1,0,2,11,4,1,,3.8,-0.7,3.8,72,0.9,184
2018-02-23,1,0,2,12,4,1,,5.3,0.2,5.3,70,0.9,230
2018-02-23,1,0,2,13,4,1,,6.7,0.3,5.3,64,2.0,283
2018-02-23,1,0,2,14,4,1,,7.8,-0.2,6.5,57,2.1,304
2018-02-23,1,0,2,15,4,1,,8.2,1.3,8.2,62,0.6,312
2018-02-23,1,0,2,16,4,1,,8.3,0.9,6.7,60,2.7,312
2018-02-23,1,0,2,17,4,1,,7.9,2.3,5.3,68,4.2,354
2018-02-23,1,0,2,18,4,1,,7.5,2.3,4.4,70,5.0,470
2018-02-23,1,0,2,19,4,1,,6.9,2.3,4.3,73,3.7,669
2018-02-23,1,0,2,20,4,1,,6.4,2.6,4.3,77,2.8,421
2018-02-23,1,0,2,21,4,1,,6.0,2.6,3.9,79,2.7,295
2018-02-23,1,0,2,22,4,1,,5.7,2.6,3.7,81,2.5,321
2018-02-23,1,0,2,23,4,1,,5.5,2.3,3.3,80,2.7,291
2018-02-23,1,0,2,24,4,1,,4.6,1.7,2.0,82,3.0,243
2018-02-24,1,0,2,1,5,0,,4.0,1.3,2.5,83,1.7,226
2018-02-24,1,0,2,2,5,0,,3.7,0.9,2.3,82,1.6,263
2018-02-24,1,0,2,3,5,0,,3.5,0.7,0.8,82,2.9,197
2018-02-24,1,0,2,4,5,0,,2.7,0.0,-0.1,82,2.8,133
2018-02-24,1,0,2,5,5,0,,1.8,-0.6,-1.1,84,2.7,63
2018-02-24,1,0,2,6,5,0,,1.2,-1.3,-1.6,83,2.5,58
2018-02-24,1,0,2,7,5,0,,0.6,-1.4,-1.2,86,1.6,72
2018-02-24,1,0,2,8,5,0,,0.0,-3.5,-3.3,77,2.8,108
2018-02-24,1,0,2,9,5,0,,0.6,-5.4,-3.4,64,3.8,203
2018-02-24,1,0,2,10,5,0,,0.8,-6.0,-2.5,60,2.9,253
2018-02-24,1,0,2,11,5,0,,2.2,-7.1,-0.3,50,2.4,259
2018-02-24,1,0,2,12,5,0,,4.0,-9.4,2.9,37,1.4,298
2018-02-24,1,0,2,13,5,0,,5.3,-11.3,3.6,29,2.1,363
2018-02-24,1,0,2,14,5,0,,6.9,-15.1,5.7,19,1.9,412
2018-02-24,1,0,2,15,5,0,,6.7,-12.4,4.7,24,2.7,454
2018-02-24,1,0,2,16,5,0,,5.9,-14.8,3.6,21,3.0,467
2018-02-24,1,0,2,17,5,0,,4.9,-12.1,2.3,28,3.1,509
2018-02-24,1,0,2,18,5,0,,3.5,-12.4,0.8,30,2.9,462
2018-02-24,1,0,2,19,5,0,,2.1,-15.0,-0.8,27,2.8,379
2018-02-24,1,0,2,20,5,0,,1.1,-13.8,-0.4,32,1.4,306
2018-02-24,1,0,2,21,5,0,1.0,0.7,-14.5,0.7,31,1.3,233
2018-02-24,1,0,2,22,5,0,,0.1,-14.6,0.1,32,0.9,232
2018-02-24,1,0,2,23,5,0,,-0.6,-12.8,-0.6,39,1.3,219
2018-02-24,1,0,2,24,5,0,,-1.1,-11.8,-1.1,44,1.2,187
2018-02-25,1,0,2,1,6,1,,-1.4,-12.3,-1.4,43,0.6,182
2018-02-25,1,0,2,2,6,1,,-1.5,-11.6,-1.5,46,1.1,189
2018-02-25,1,0,2,3,6,1,,-1.3,-12.5,-1.3,42,0.8,124
2018-02-25,1,0,2,4,6,1,,-1.1,-12.1,-1.1,43,0.7,103
2018-02-25,1,0,2,5,6,1,,-0.7,-12.3,-0.7,41,0.9,52
2018-02-25,1,0,2,6,6,1,,-0.8,-11.5,-0.8,44,0.6,37
2018-02-25,1,0,2,7,6,1,,-1.0,-10.9,-1.0,47,0.9,54
2018-02-25,1,0,2,8,6,1,,-1.3,-9.4,-1.3,54,0.6,77
2018-02-25,1,0,2,9,6,1,1.0,-0.3,-10.0,-0.3,48,1.1,158
2018-02-25,1,0,2,10,6,1,1.0,2.1,-9.5,2.1,42,1.1,173
2018-02-25,1,0,2,11,6,1,1.0,4.3,-12.2,2.0,29,2.6,195
2018-02-25,1,0,2,12,6,1,1.0,5.5,-13.0,3.0,25,3.1,244
2018-02-25,1,0,2,13,6,1,1.0,6.1,-14.0,4.3,22,2.4,396
2018-02-25,1,0,2,14,6,1,1.0,7.0,-12.7,5.3,23,2.4,482
2018-02-25,1,0,2,15,6,1,1.0,7.5,-13.4,5.7,21,2.7,572
2018-02-25,1,0,2,16,6,1,1.0,7.6,-15.2,5.5,18,3.2,612
2018-02-25,1,0,2,17,6,1,1.0,6.9,-11.8,4.8,25,2.9,688
2018-02-25,1,0,2,18,6,1,1.0,5.2,-11.0,2.9,30,2.8,589
2018-02-25,1,0,2,19,6,1,,3.1,-9.2,0.5,40,2.6,402
2018-02-25,1,0,2,20,6,1,,1.3,-8.2,-1.8,49,2.8,297
2018-02-25,1,0,2,21,6,1,1.0,0.2,-7.7,-2.8,55,2.5,232
2018-02-25,1,0,2,22,6,1,,0.0,-8.2,-3.0,54,2.5,239
2018-02-25,1,0,2,23,6,1,,-0.3,-7.5,-0.3,58,1.0,230
2018-02-25,1,0,2,24,6,1,1.0,-0.9,-7.7,-0.9,60,0.7,173
2018-02-26,1,0,2,1,0,1,,-1.2,-7.3,-1.2,63,0.9,135
2018-02-26,1,0,2,2,0,1,,-1.7,-7.2,-1.7,66,0.8,122
2018-02-26,1,0,2,3,0,1,1.0,-1.9,-7.2,-1.9,67,1.0,80
2018-02-26,1,0,2,4,0,1,1.0,-2.3,-7.2,-2.3,69,1.1,46
2018-02-26,1,0,2,5,0,1,1.0,-2.5,-6.6,-2.5,73,0.8,46
2018-02-26,1,0,2,6,0,1,1.0,-2.7,-7.0,-2.7,72,0.5,65
2018-02-26,1,0,2,7,0,1,1.0,-3.1,-8.1,-3.1,68,0.8,161
2018-02-26,1,0,2,8,0,1,1.0,-2.9,-8.9,-2.9,63,0.7,402
2018-02-26,1,0,2,9,0,1,1.0,-1.1,-9.4,-1.1,53,0.9,786
2018-02-26,1,0,2,10,0,1,1.0,1.9,-8.5,1.9,46,1.1,416
2018-02-26,1,0,2,11,0,1,1.0,4.6,-8.8,3.3,37,1.6,289
2018-02-26,1,0,2,12,0,1,1.0,6.9,-10.3,6.9,28,1.1,356
2018-02-26,1,0,2,13,0,1,1.0,8.1,-10.2,8.1,26,1.2,428
2018-02-26,1,0,2,14,0,1,1.0,9.9,-9.2,9.5,25,1.5,444
2018-02-26,1,0,2,15,0,1,1.0,10.3,-9.9,9.5,23,2.1,455
2018-02-26,1,0,2,16,0,1,,9.5,-6.8,7.8,31,3.1,521
2018-02-26,1,0,2,17,0,1,1.0,8.7,-7.9,6.9,30,3.1,555
2018-02-26,1,0,2,18,0,1,1.0,7.2,-11.0,5.7,26,2.3,646
2018-02-26,1,0,2,19,0,1,,5.5,-10.7,3.3,30,2.7,929
2018-02-26,1,0,2,20,0,1,,4.3,-10.9,2.9,32,1.7,619
2018-02-26,1,0,2,21,0,1,1.0,3.3,-10.3,2.1,36,1.4,483
2018-02-26,1,0,2,22,0,1,,2.7,-9.5,2.7,40,1.0,512
2018-02-26,1,0,2,23,0,1,,2.8,-9.8,2.8,39,0.7,443
2018-02-26,1,0,2,24,0,1,,2.6,-9.6,0.8,40,1.8,308
2018-02-27,1,0,2,1,1,1,,2.1,-8.9,2.1,44,0.9,236
2018-02-27,1,0,2,2,1,1,,1.5,-9.4,1.5,44,1.2,213
2018-02-27,1,0,2,3,1,1,1.0,1.1,-9.8,1.1,44,1.0,145
2018-02-27,1,0,2,4,1,1,1.0,0.9,-9.4,0.9,46,0.8,102
2018-02-27,1,0,2,5,1,1,1.0,0.6,-8.6,0.6,50,0.1,62
2018-02-27,1,0,2,6,1,1,,0.6,-8.6,0.6,50,0.4,72
2018-02-27,1,0,2,7,1,1,,1.3,-8.7,1.3,47,0.7,183
2018-02-27,1,0,2,8,1,1,,2.0,-7.0,2.0,51,0.7,443
2018-02-27,1,0,2,9,1,1,,2.5,-6.6,2.5,51,1.0,767
2018-02-27,1,0,2,10,1,1,,3.3,-6.9,3.3,47,0.7,455
2018-02-27,1,0,2,11,1,1,,4.8,-7.3,4.8,41,0.8,261
2018-02-27,1,0,2,12,1,1,,5.4,-8.1,5.4,37,0.7,342
2018-02-27,1,0,2,13,1,1,,5.8,-7.1,5.8,39,0.6,353
2018-02-27,1,0,2,14,1,1,,6.3,-6.3,6.3,40,0.8,335
2018-02-27,1,0,2,15,1,1,,6.7,-3.5,6.7,48,0.8,357
2018-02-27,1,0,2,16,1,1,,6.9,-1.7,6.9,54,1.1,402
2018-02-27,1,0,2,17,1,1,,6.8,-1.1,6.8,57,1.0,411
2018-02-27,1,0,2,18,1,1,,6.6,-0.1,6.6,62,0.8,529
2018-02-27,1,0,2,19,1,1,,6.1,-5.2,6.1,44,1.0,897
2018-02-27,1,0,2,20,1,1,,5.9,-5.4,5.9,44,1.3,616
2018-02-27,1,0,2,21,1,1,,5.7,-5.0,5.7,46,0.8,461
2018-02-27,1,0,2,22,1,1,,5.4,-4.4,5.4,49,1.1,449
2018-02-27,1,0,2,23,1,1,,5.3,-3.5,4.3,53,1.5,461
2018-02-27,1,0,2,24,1,1,,5.1,-3.9,5.1,52,1.1,310
2018-02-28,1,0,2,1,2,1,,5.0,-3.8,4.1,53,1.4,266
2018-02-28,1,0,2,2,2,1,,5.2,-3.3,5.2,54,1.3,229
2018-02-28,1,0,2,3,2,1,,5.3,-3.0,4.0,55,1.7,174
2018-02-28,1,0,2,4,2,1,,5.4,-2.6,4.1,56,1.7,116
2018-02-28,1,0,2,5,2,1,,5.2,-2.1,3.9,59,1.7,72
2018-02-28,1,0,2,6,2,1,,5.2,-1.9,3.7,60,1.9,62
2018-02-28,1,0,2,7,2,1,,5.5,-1.8,3.2,59,2.8,165
2018-02-28,1,0,2,8,2,1,,5.7,-2.1,3.7,57,2.5,426
2018-02-28,1,0,2,9,2,1,,6.2,-2.1,4.4,55,2.4,816
2018-02-28,1,0,2,10,2,1,,6.5,-2.4,5.1,53,2.0,419
2018-02-28,1,0,2,11,2,1,,7.1,-2.6,5.6,50,2.2,285
2018-02-28,1,0,2,12,2,1,,7.6,-2.7,5.9,48,2.6,332
2018-02-28,1,0,2,13,2,1,,7.6,-0.3,6.1,57,2.3,305
2018-02-28,1,0,2,14,2,1,,5.7,2.5,2.9,80,3.7,28
2018-02-28,1,0,2,15,2,1,,4.8,2.8,2.3,87,2.9,17
2018-02-28,1,0,2,16,2,1,,4.2,2.5,1.9,89,2.5,7
2018-02-28,1,0,2,17,2,1,,3.8,2.3,1.3,90,2.7,9
2018-02-28,1,0,2,18,2,1,,3.6,2.1,1.6,90,2.1,8
2018-02-28,1,0,2,19,2,1,,2.5,1.7,0.6,95,1.9,11
2018-02-28,1,0,2,20,2,1,,2.7,2.1,1.3,96,1.5,19
2018-02-28,1,0,2,21,2,1,,2.4,1.6,-0.2,95,2.5,8
2018-02-28,1,0,2,22,2,1,,2.3,1.7,0.3,96,1.9,10
2018-02-28,1,0,2,23,2,1,,1.8,1.2,1.8,96,1.2,13
2018-02-28,1,0,2,24,2,1,,2.0,1.4,2.0,96,1.3,23
